Start month,Type,Campaign,Videos (excl. cancelled),Start date (earliest ETA / Date Assigned),Date source,Campaign month field
2026-07,Paid Ads,Skyline Jewellery 2,20,2026-07-03,ETA,2026-07
2026-07,Organic,Womenswear 2,5,2026-07-07,ETA,2026-07
2026-07,Organic,Crowd Cube,1,2026-07-07,ETA,2026-07
2026-07,Paid Ads,RS Streetwear 3,16,2026-07-07,ETA,2026-07
2026-07,Paid Ads,July - 2026,12,2026-07-07,ETA,2026-07
2026-07,Paid Ads,Evo Island,13,2026-07-10,ETA,2026-07
2026-07,Paid Ads,Kameleon Collectables,10,2026-07-13,Date Assigned (no ETA),2026-07
2026-07,Paid Ads,Active Style 2,16,2026-07-14,ETA,2026-07
2026-07,Paid Ads,July 2026,2,2026-07-14,ETA,2026-07
2026-07,Paid Ads,Kameleon Vintage 2,9,2026-07-16,ETA,2026-07
2026-07,Organic,Kameleon Collectables (Organic),3,2026-07-17,ETA,2026-07
2026-07,Organic,Wembley Pop Up,4,2026-07-20,ETA,2026-07
2026-07,Paid Ads,Yorkshire Trainers Livestream,24,2026-07-21,ETA,2026-07
2026-07,Paid Ads,Y2K UGC,8,2026-07-22,ETA,2026-07
2026-07,Paid Ads,Livestream Sneakers (RS Clips),18,2026-07-23,Date Assigned (no ETA),2026-07
2026-07,Paid Ads,Clearance,6,2026-07-24,ETA,2026-07
2026-07,Paid Ads,Sneakers Livestream 2,17,2026-07-27,ETA,2026-07
2026-07,Paid Ads,Clearance 2,11,2026-07-29,ETA,2026-07
2026-07,Paid Ads,After Stock 3,11,2026-07-30,ETA,2026-07
2026-08,Paid Ads,Shopable Product Clips,50,2026-08-03,ETA,2026-08
2026-08,Paid Ads,Balling,6,2026-08-05,ETA,2026-08
2026-08,Paid Ads,TCG Re-Edits,2,2026-08-05,ETA,2026-08
2026-08,Paid Ads,TCG Moonbreon Pull,3,2026-08-06,ETA,2026-08
2026-08,Organic,Shopmazz,1,2026-08-07,ETA,2026-08
2026-08,Paid Ads,Winning Ads Remixes,25,2026-08-11,ETA,2026-08
2026-08,Paid Ads,Aug 2026,6,2026-08-11,ETA,2026-08
2026-08,Organic,Clips,1,2026-08-19,ETA,2026-08
2026-08,Organic,Paid Creatives Repurposed for Organics,3,2026-08-19,ETA,2026-08
2026-08,Paid Ads,Aug - 2026,8,2026-08-19,ETA,2026-08
2026-08,Paid Ads,The Cardy Boys 3,7,2026-08-20,Date Assigned (no ETA),2026-08
2026-08,Organic,Clips 100K,2,2026-08-25,ETA,2026-08
2026-08,Paid Ads,Tourist Vintage,6,2026-08-25,ETA,2026-08
2026-08,Paid Ads,Product Launch,1,2026-08-27,ETA,2026-08
2026-08,Organic,Balling,3,2026-08-31,ETA,2026-08
2026-09,Organic,Organic Training,12,2026-09-01,ETA,2026-09
2026-09,Organic,Zero Point Zero,6,2026-09-04,ETA,2026-09
2026-09,Paid Ads,Sep 2026,12,2026-09-10,ETA,2026-09
2026-09,Organic,After Stock 4,2,2026-09-11,ETA,2026-09
2026-09,Organic,Organic Clips,7,2026-09-14,ETA,2026-09
2026-09,Organic,TCG 30th Anniversary,1,2026-09-17,ETA,2026-09
2026-09,Organic,TCB Giveaway,1,2026-09-23,ETA,2026-09
2026-09,Organic,Garmentz Labs Livestream Rough Cuts,17,2026-09-28,ETA,2026-09
2026-09,Paid Ads,Sept 2026,5,2026-09-28,ETA,2026-09
