Editor,EOD date,Section,Item,Campaign,Category,Posted to Slack,Slack link
Zidni,2026-09-16,Worked on,KILOWEAR 3,Sep 2026,Sneakers,2026-09-17 00:16 +07,https://getretro.slack.com/archives/C0AQTJPSYAC/p1789578996168799
Zidni,2026-09-16,Worked on,KILOWEAR 4,Sep 2026,Sneakers,2026-09-17 00:16 +07,https://getretro.slack.com/archives/C0AQTJPSYAC/p1789578996168799
Zidni,2026-09-16,Worked on,TCC BlackBird - COLLECTIT,Sep 2026,TCG,2026-09-17 00:16 +07,https://getretro.slack.com/archives/C0AQTJPSYAC/p1789578996168799
Patty,2026-09-16,Worked on,V_Streetwear_3O_StreetwearSkit_V1_Balling,Balling,Content Lead,2026-09-17 00:21 +07,https://getretro.slack.com/archives/C0AQTJPSYAC/p1789579271492279
Patty,2026-09-16,Worked on,V_1O_Day3TiltClips_V1_Patty,Organic Training,Sneakers,2026-09-17 00:21 +07,https://getretro.slack.com/archives/C0AQTJPSYAC/p1789579271492279
Patty,2026-09-16,Worked on,V_1O_Day3TiltClips_V2_Patty,Organic Training,Sneakers,2026-09-17 00:21 +07,https://getretro.slack.com/archives/C0AQTJPSYAC/p1789579271492279
Patty,2026-09-16,Worked on,V_1O_Day2TiltClips_V3_Patty,Organic Training,Sneakers,2026-09-17 00:21 +07,https://getretro.slack.com/archives/C0AQTJPSYAC/p1789579271492279
Patty,2026-09-16,Worked on,V_1O_Day3TiltClips_V3_Patty,Organic Training,Sneakers,2026-09-17 00:21 +07,https://getretro.slack.com/archives/C0AQTJPSYAC/p1789579271492279
Patty,2026-09-16,Other,Tagged 32 clips,,,2026-09-17 00:21 +07,https://getretro.slack.com/archives/C0AQTJPSYAC/p1789579271492279
Patty,2026-09-16,Other,Finished Tilt Editing Workflow Training,,,2026-09-17 00:21 +07,https://getretro.slack.com/archives/C0AQTJPSYAC/p1789579271492279
Zidni,2026-09-21,Worked on,ALLINRESELL 1,Sep 2026,Streetwear,2026-09-21 22:09 +07,https://getretro.slack.com/archives/C0AQTJPSYAC/p1790003341455829
Zidni,2026-09-21,Worked on,V_Clips_5O_Background_V1_TCB,Organic Clips,Sneakers,2026-09-21 22:09 +07,https://getretro.slack.com/archives/C0AQTJPSYAC/p1790003341455829
Zidni,2026-09-21,Worked on,V_Clips_5O_Background_V2_TCB,Organic Clips,Sneakers,2026-09-21 22:09 +07,https://getretro.slack.com/archives/C0AQTJPSYAC/p1790003341455829
Zidni,2026-09-21,Other,Attended Marketing Call,,,2026-09-21 22:09 +07,https://getretro.slack.com/archives/C0AQTJPSYAC/p1790003341455829
Patty,2026-09-21,Worked on,V_Clips_4O_Balling_V1_B,Organic Clips,Sneakers,2026-09-22 03:31 +07,https://getretro.slack.com/archives/C0AQTJPSYAC/p1790022689198129
Patty,2026-09-21,Training,International Videos — Completed,,,2026-09-22 03:31 +07,https://getretro.slack.com/archives/C0AQTJPSYAC/p1790022689198129
Patty,2026-09-21,Other,INTERNATIONAL VIDEO PATTY,,,2026-09-22 03:31 +07,https://getretro.slack.com/archives/C0AQTJPSYAC/p1790022689198129
Patty,2026-09-21,Other,V_Clips_4O_Balling_V1_B,,,2026-09-22 03:31 +07,https://getretro.slack.com/archives/C0AQTJPSYAC/p1790022689198129
Patty,2026-09-21,Other,V_Clips_2O_ToSellPile_V1_R (REV),,,2026-09-22 03:31 +07,https://getretro.slack.com/archives/C0AQTJPSYAC/p1790022689198129
Sharm,2026-09-22,Other,International - Italy - Video Editing Training,,,2026-09-23 00:14 +07,https://getretro.slack.com/archives/C0AQTJPSYAC/p1790097272872829
Sharm,2026-09-22,Other,International -Spain - Video Editing Training,,,2026-09-23 00:14 +07,https://getretro.slack.com/archives/C0AQTJPSYAC/p1790097272872829
Patty,2026-09-22,Other,International - Italy - Video Editing Training,,,2026-09-23 00:57 +07,https://getretro.slack.com/archives/C0AQTJPSYAC/p1790099868223579
Patty,2026-09-22,Other,International -Spain - Video Editing Training,,,2026-09-23 00:57 +07,https://getretro.slack.com/archives/C0AQTJPSYAC/p1790099868223579
Patty,2026-09-24 (1st post),Other,ITALY INTERNATIONAL TRAINING VID 2 - PATTY(1),,,2026-09-24 07:46 +07,https://getretro.slack.com/archives/C0AQTJPSYAC/p1790210785862719
Patty,2026-09-24 (1st post),Other,SPAIN INTERNATIONAL TRAINING VID 2 - PATTY,,,2026-09-24 07:46 +07,https://getretro.slack.com/archives/C0AQTJPSYAC/p1790210785862719
Patty,2026-09-24 (2nd post),Worked on,V_Clips_4O_Balling_V2_B,Organic Clips,Sneakers,2026-09-24 23:50 +07,https://getretro.slack.com/archives/C0AQTJPSYAC/p1790268637704339
Patty,2026-09-24 (2nd post),Worked on,Popsplanet,Sep 2026,TCG,2026-09-24 23:50 +07,https://getretro.slack.com/archives/C0AQTJPSYAC/p1790268637704339
Zidni,2026-09-28,Worked on,Fazeshop,Sep 2026,Streetwear,2026-09-28 23:25 +07,https://getretro.slack.com/archives/C0AQTJPSYAC/p1790612739491299
Zidni,2026-09-28,Worked on,Video Ads,Sept 2026,Sneakers,2026-09-28 23:25 +07,https://getretro.slack.com/archives/C0AQTJPSYAC/p1790612739491299
Zidni,2026-09-28,Other,Attended Marketing Call,,,2026-09-28 23:25 +07,https://getretro.slack.com/archives/C0AQTJPSYAC/p1790612739491299
Patty,2026-09-28,Worked on,V_StoneIsland_1O_SellerMoment_ItalyArchiveLivestreamRoughCut_GL_Patty,Garmentz Labs Livestream Rough Cuts,Sneakers,2026-09-29 01:10 +07,https://getretro.slack.com/archives/C0AQTJPSYAC/p1790619044923259
Patty,2026-09-28,Worked on,V_StoneIsland_2O_RarePiece_ItalyArchiveLivestreamRoughCut_GL_Patty,Garmentz Labs Livestream Rough Cuts,Sneakers,2026-09-29 01:10 +07,https://getretro.slack.com/archives/C0AQTJPSYAC/p1790619044923259
Patty,2026-09-28,Worked on,V_StoneIsland_3O_RarePiece_ItalyArchiveLivestreamRoughCut_GL_Patty,Garmentz Labs Livestream Rough Cuts,Sneakers,2026-09-29 01:10 +07,https://getretro.slack.com/archives/C0AQTJPSYAC/p1790619044923259
Patty,2026-09-28,Worked on,V_StoneIsland_4O_RarePiece_ItalyArchiveLivestreamRoughCut_GL_Patty,Garmentz Labs Livestream Rough Cuts,Sneakers,2026-09-29 01:10 +07,https://getretro.slack.com/archives/C0AQTJPSYAC/p1790619044923259
Patty,2026-09-28,Worked on,V_StoneIsland_7O_RarePiece_ItalyArchiveLivestreamRoughCut_GL_Patty_copy,Garmentz Labs Livestream Rough Cuts,Sneakers,2026-09-29 01:10 +07,https://getretro.slack.com/archives/C0AQTJPSYAC/p1790619044923259
Patty,2026-09-28,Worked on,V_StoneIsland_8O_RarePiece_ItalyArchiveLivestreamRoughCut_GL_Patty_copy,Garmentz Labs Livestream Rough Cuts,Sneakers,2026-09-29 01:10 +07,https://getretro.slack.com/archives/C0AQTJPSYAC/p1790619044923259
Patty,2026-09-28,Worked on,V_StoneIsland_9O_RarePiece_ItalyArchiveLivestreamRoughCut_GL_Patty,Garmentz Labs Livestream Rough Cuts,Sneakers,2026-09-29 01:10 +07,https://getretro.slack.com/archives/C0AQTJPSYAC/p1790619044923259
Patty,2026-09-28,Worked on,V_StoneIsland_10O_RarePiece_ItalyArchiveLivestreamRoughCut_GL_Patty,Garmentz Labs Livestream Rough Cuts,Sneakers,2026-09-29 01:10 +07,https://getretro.slack.com/archives/C0AQTJPSYAC/p1790619044923259
