Week,Week of,Editor,Day,Date,Video,Version,Campaign,Country,Category,Difficulty,Status,PM Date Approved,CH Head,CH QC,Final Video
W27,2026-06-29,Zidni,Wed,2026-07-01,,,,,,,,,,,
W27,2026-06-29,Sharm,Wed,2026-07-01,,,,,,,,,,,
W27,2026-06-29,Patty,Wed,2026-07-01,,,,,,,,,,,
W27,2026-06-29,Zidni,Thu,2026-07-02,,,,,,,,,,,
W27,2026-06-29,Sharm,Thu,2026-07-02,,,,,,,,,,,
W27,2026-06-29,Patty,Thu,2026-07-02,,,,,,,,,,,
W27,2026-06-29,Zidni,Fri,2026-07-03,,,,,,,,,,,
W27,2026-06-29,Sharm,Fri,2026-07-03,,,,,,,,,,,
W27,2026-06-29,Patty,Fri,2026-07-03,,,,,,,,,,,
W28,2026-07-06,Zidni,Mon,2026-07-06,V_Luxury_1OP_LivestreamPradaBagFullUI_V1_PJP_CTA10%Off,V1,Livestream Luxury (Clips),UK,Luxury,Moderate,Approved,2026-06-30,Cristian,Approved,https://f.io/VCmwigiG
W28,2026-07-06,Zidni,Mon,2026-07-06,V_Sneakers_1OP_LivestreamJordanPhantomSession_AuctionBannerOnly_HookProductName£1Auction_V2_VS_CTA10%Off,V2,Livestream Sneakers (Clips),UK,Sneakers,Moderate,Approved,2026-08-10,Anand,Approved,https://f.io/KCEl9X4q
W28,2026-07-06,Zidni,Mon,2026-07-06,V_Sneakers_1OP_LivestreamNikeDownshifter_AuctionBannerOnly_Hook£1SuddenDeath_V1_VS_CTA10%Off,V1,Livestream Sneakers (Clips),UK,Sneakers,Moderate,Approved,2026-08-10,Anand,Approved,https://f.io/qnHAk50x
W28,2026-07-06,Zidni,Mon,2026-07-06,V_Sneakers_1OP_LivestreamNikeDownshifter_Ragebait_AuctionBannerOnly_HookProductName£1Auction_V2_VS_CTA10%Off,V2,Livestream Sneakers (Clips),UK,Sneakers,Moderate,Approved,2026-08-10,Anand,Approved,https://f.io/lg0F4HSq
W28,2026-07-06,Zidni,Mon,2026-07-06,V_Sneakers_1OP_LivestreamNikeJuniper_AuctionBannerOnly_Hook£1SuddenDeath_V1_VS_CTA10%Off,V1,Livestream Sneakers (Clips),UK,Sneakers,Moderate,Approved,2026-08-12,Anand,Approved,https://f.io/bK7kWFNx
W28,2026-07-06,Zidni,Mon,2026-07-06,V_Sneakers_1OP_LivestreamNikeJuniper_Ragebait_AuctionBannerOnly_HookProductName£1Auction_V2_VS_CTA10%Off,V2,Livestream Sneakers (Clips),UK,Sneakers,Moderate,Approved,2026-08-12,Anand,Approved,https://f.io/f2tSe5AK
W28,2026-07-06,Zidni,Mon,2026-07-06,V_StoneIsland_1N_SeriesTeaser_V1_GL_With Sub,V1,GarmentzLabs - Italy,UK,Event - Stone Island,Moderate,Approved,2026-06-23,Millie,Approved,https://f.io/-ipARknB
W28,2026-07-06,Zidni,Mon,2026-07-06,V_StoneIsland_2OP_Question_V3_GL_CTA10%Off,V3,GarmentzLabs - Italy,UK,Event - Stone Island,Moderate,Approved,2026-06-23,Millie,Approved,https://f.io/qow_F4e5
W28,2026-07-06,Zidni,Mon,2026-07-06,V_StoneIsland_7N_ClosingInfo_V1_GL_CTA10%Off,V1,GarmentzLabs - Italy,UK,Event - Stone Island,Moderate,Approved,2026-06-24,Millie,Approved,https://f.io/MIJFwMpK
W28,2026-07-06,Sharm,Mon,2026-07-06,V_Luxury_1OP_LivestreamChanelPouch_Hook£3000ChanelWalletClutch_AuctionBannerOnly_V3_PJP_CTA10%Off,V3,Livestream Luxury (Clips),UK,Luxury,Moderate,Approved,2026-08-12,Cristian,Approved,https://f.io/YMQ7M7m1
W28,2026-07-06,Sharm,Mon,2026-07-06,V_Sneakers_1OP_LivestreamNikeFlexTrain_AuctionBannerOnly_Hook£1SuddenDeath_V1_VS_CTA10%Off,V1,Livestream Sneakers (Clips),UK,Sneakers,Moderate,Approved,2026-08-12,Anand,Approved,https://f.io/Ci8ns7hT
W28,2026-07-06,Sharm,Mon,2026-07-06,V_StoneIsland_2OP_ResellersDream_V1_GL_CTA10%Off,V1,GarmentzLabs - Italy,UK,Event - Stone Island,Moderate,Approved,2026-07-06,Millie,Approved,https://f.io/8VvIsn15
W28,2026-07-06,Patty,Mon,2026-07-06,V_StoneIsland_6N_PickingStock_V1_GL_CTA10%Off,V1,GarmentzLabs - Italy,UK,Event - Stone Island,Moderate,Approved,2026-07-06,Millie,Approved,https://f.io/KJY1fVFq
W28,2026-07-06,Zidni,Tue,2026-07-07,,,,,,,,,,,
W28,2026-07-06,Sharm,Tue,2026-07-07,V_Luxury_1OP_LivestreamChanelPouch_V1_PJP_CTA10%Off,V1,Livestream Luxury (Clips),UK,Luxury,Moderate,Approved,2026-08-10,Cristian,Approved,https://f.io/X3xUf68M
W28,2026-07-06,Patty,Tue,2026-07-07,V_Luxury_1OP_LivestreamStoneIslandOpaqueJacket_AuctionBannerOnly_Hook£1SuddenDeath_V1_ZPZ_CTA10%Off,V1,Livestream Luxury (Clips),UK,Luxury,Moderate,Approved,2026-08-12,Cristian,Approved,https://f.io/5Xkfat2h
W28,2026-07-06,Zidni,Wed,2026-07-08,V_StoneIsland_1OP_ASMR_V1_GL_CTA10%Off,V1,GarmentzLabs - Italy,UK,Event - Stone Island,Moderate,Approved,2026-07-06,Millie,Approved,https://f.io/yMFUscKg
W28,2026-07-06,Zidni,Wed,2026-07-08,V_Watches_1OP_Blindfold_V1_SJ_CTA10%Off,V1,Skyline Jewellery 2,UK,Watches,Moderate,Approved,2026-07-06,Jacob,Approved,https://f.io/XVTwIhJj
W28,2026-07-06,Zidni,Wed,2026-07-08,V_Watches_1OP_Blindfold_V2_SJ_CTA10%Off,V2,Skyline Jewellery 2,UK,Watches,Moderate,Approved,2026-07-06,Jacob,Approved,https://f.io/0Zt191bZ
W28,2026-07-06,Zidni,Wed,2026-07-08,V_Watches_1OP_Blindfold_V3_SJ_CTA10%Off,V3,Skyline Jewellery 2,UK,Watches,Moderate,Approved,2026-07-06,Jacob,Approved,https://f.io/i0LdDYBI
W28,2026-07-06,Zidni,Wed,2026-07-08,V_Watches_1OP_Blindfold_V4_SJ_CTA10%Off,V4,Skyline Jewellery 2,UK,Watches,Moderate,Approved,2026-07-06,Jacob,Approved,https://f.io/ebgrOuDT
W28,2026-07-06,Zidni,Wed,2026-07-08,V_Watches_2OP_RetailvsTilt_V1_SJ_CTA10%Off,V1,Skyline Jewellery 2,UK,Watches,Moderate,Approved,2026-07-06,Jacob,Approved,https://f.io/gy2MtNX0
W28,2026-07-06,Zidni,Wed,2026-07-08,V_Watches_2OP_RetailvsTilt_V2_SJ_CTA10%Off,V2,Skyline Jewellery 2,UK,Watches,Moderate,Approved,2026-07-06,Jacob,Approved,https://f.io/4CzAJigm
W28,2026-07-06,Zidni,Wed,2026-07-08,V_Watches_2OP_RetailvsTilt_V3_SJ_CTA10%Off,V3,Skyline Jewellery 2,UK,Watches,Moderate,Approved,2026-07-06,Jacob,Approved,https://f.io/V5Qouch2
W28,2026-07-06,Zidni,Wed,2026-07-08,V_Watches_2OP_RetailvsTilt_V4_SJ_CTA10%Off,V4,Skyline Jewellery 2,UK,Watches,Moderate,Approved,2026-07-06,Jacob,Approved,https://f.io/IH1LWA8b
W28,2026-07-06,Sharm,Wed,2026-07-08,V_Watches_1N_2026andStillNoWatch_V1_SJ_CTA10%Off,V1,Skyline Jewellery 2,UK,Watches,Moderate,Approved,2026-07-08,Jacob,Approved,https://f.io/RA6yi27P
W28,2026-07-06,Sharm,Wed,2026-07-08,V_Watches_1N_2026andStillNoWatch_V2_SJ_CTA10%Off,V2,Skyline Jewellery 2,UK,Watches,Moderate,Approved,2026-07-08,Jacob,Approved,https://f.io/yHnOCJJq
W28,2026-07-06,Sharm,Wed,2026-07-08,V_Watches_2N_ThreeWatches_V1_SJ_CTA10%Off,V1,Skyline Jewellery 2,UK,Watches,Moderate,Approved,2026-07-07,Jacob,Approved,https://f.io/J19KW5XE
W28,2026-07-06,Sharm,Wed,2026-07-08,V_Watches_2OP_AffordableWatch_V1_SJ_CTA10%Off,V1,Skyline Jewellery 2,UK,Watches,Moderate,Approved,2026-07-08,Jacob,Approved,https://f.io/haaAuUc4
W28,2026-07-06,Sharm,Wed,2026-07-08,V_Watches_2OP_AffordableWatch_V2_SJ_CTA10%Off,V2,Skyline Jewellery 2,UK,Watches,Moderate,Approved,2026-07-08,Jacob,Approved,https://f.io/gt4un-iN
W28,2026-07-06,Patty,Wed,2026-07-08,V_StoneIsland_5N_Walkthrough_V1_GL_CTA10%Off,V1,GarmentzLabs - Italy,UK,Event - Stone Island,Moderate,Approved,2026-07-06,Millie,Approved,https://f.io/B3C5DhTZ
W28,2026-07-06,Patty,Wed,2026-07-08,V_Watches_2OP_AffordableWatch_V3_SJ_CTA10%Off,V3,Skyline Jewellery 2,UK,Watches,Moderate,Approved,2026-07-06,Jacob,Approved,https://f.io/DUc3m1gS
W28,2026-07-06,Patty,Wed,2026-07-08,V_Watches_2OP_AffordableWatch_V4_SJ_CTA10%Off,V4,Skyline Jewellery 2,UK,Watches,Moderate,Approved,2026-07-06,Jacob,Approved,https://f.io/LZYIII8f
W28,2026-07-06,Patty,Wed,2026-07-08,V_Watches_3N_CommentReply_V1_SJ_CTA10%Off,V1,Skyline Jewellery 2,UK,Watches,Moderate,Approved,2026-07-06,Jacob,Approved,https://f.io/I_i-Vue9
W28,2026-07-06,Patty,Wed,2026-07-08,V_Watches_3N_CommentReply_V2_SJ_CTA10%Off,V2,Skyline Jewellery 2,UK,Watches,Moderate,Approved,2026-07-06,Jacob,Approved,https://f.io/5NlD730X
W28,2026-07-06,Patty,Wed,2026-07-08,V_Watches_4N_WatchesforBeginners_V1_SJ_CTA10%Off,V1,Skyline Jewellery 2,UK,Watches,Moderate,Approved,2026-07-06,Jacob,Approved,https://f.io/eHCwQsxA
W28,2026-07-06,Patty,Wed,2026-07-08,V_Watches_4N_WatchesforBeginners_V2_SJ_CTA10%Off,V2,Skyline Jewellery 2,UK,Watches,Moderate,Approved,2026-07-06,Jacob,Approved,https://f.io/Jf190QeK
W28,2026-07-06,Zidni,Thu,2026-07-09,V_Sneakers_3OP_WhereDidYouGet_V1_RS_CTA10%Off,V1,RS Streetwear 3,UK,Sneakers,Moderate,Approved,2026-07-08,Anand,Approved,https://f.io/EPCnGk2R
W28,2026-07-06,Sharm,Thu,2026-07-09,V_Sneakers_1OP_LivestreamNikeFlexTrain_AuctionBannerOnly_HookProductName£1Auction_V2_VS_CTA10%Off,V2,Livestream Sneakers (Clips),UK,Sneakers,Moderate,Approved,2026-08-12,Anand,Approved,https://f.io/FcH2Va6r
W28,2026-07-06,Sharm,Thu,2026-07-09,V_Sneakers_4N_SnapchatHook_V1_RS_CTA10%Off,V1,RS Streetwear 3,UK,Sneakers,Moderate,Approved,2026-07-08,Anand,Approved,https://f.io/tQxziAcw
W28,2026-07-06,Sharm,Thu,2026-07-09,V_Sneakers_4OP_Showcase50%Off_V1_RS_CTA10%Off,V1,RS Streetwear 3,UK,Sneakers,Moderate,Approved,2026-07-08,Anand,Approved,https://f.io/s2pJdDB9
W28,2026-07-06,Sharm,Thu,2026-07-09,V_Sneakers_4OP_Showcase£1NR_V2_RS_CTA10%Off,V2,RS Streetwear 3,UK,Sneakers,Moderate,Approved,2026-07-08,Anand,Approved,https://f.io/oLAPIaLS
W28,2026-07-06,Sharm,Thu,2026-07-09,V_Sneakers_5OP_TiltPriceDisplay£1_V1_RS_CTA10%Off,V1,RS Streetwear 3,UK,Sneakers,Moderate,Approved,2026-07-07,Anand,Approved,https://f.io/sVqjduSL
W28,2026-07-06,Patty,Thu,2026-07-09,V_Sneakers_1OP_LivestreamAdidasGazelle_AuctionBannerOnly_HookProductName£1Auction_V2_VS_CTA10%Off,V2,Livestream Sneakers (Clips),UK,Sneakers,Moderate,Approved,2026-08-12,Anand,Approved,https://f.io/89ZCD20E
W28,2026-07-06,Patty,Thu,2026-07-09,V_Sneakers_1OP_LivestreamAdidasGazelle_AuctionBannerOnly_Hook£1SuddenDeath_V1_VS_CTA10%Off,V1,Livestream Sneakers (Clips),UK,Sneakers,Moderate,Approved,2026-08-12,Anand,Approved,https://f.io/DDDKuiyw
W28,2026-07-06,Patty,Thu,2026-07-09,V_Sneakers_1OP_LivestreamNikeAirMaxAlpha_AuctionBannerOnly_HookProductName£1Auction_V2_VS_CTA10%Off,V2,Livestream Sneakers (Clips),UK,Sneakers,Moderate,Approved,2026-08-12,Anand,Approved,https://f.io/jiAh3Qgo
W28,2026-07-06,Patty,Thu,2026-07-09,V_Sneakers_1OP_LivestreamNikeAirMaxAlpha_AuctionBannerOnly_Hook£1SuddenDeath_V1_VS_CTA10%Off,V1,Livestream Sneakers (Clips),UK,Sneakers,Moderate,Approved,2026-08-12,Anand,Approved,https://f.io/sMHFMTNA
W28,2026-07-06,Patty,Thu,2026-07-09,V_Sneakers_1OP_LivestreamVansFilmore_AuctionBannerOnly_HookProductName£1Auction_V2_VS_CTA10%Off,V2,Livestream Sneakers (Clips),UK,Sneakers,Moderate,Approved,2026-08-10,Anand,Approved,https://f.io/VN5zrF-q
W28,2026-07-06,Patty,Thu,2026-07-09,V_Sneakers_1OP_LivestreamVansFilmore_AuctionBannerOnly_Hook£1SuddenDeath_V1_VS_CTA10%Off,V1,Livestream Sneakers (Clips),UK,Sneakers,Moderate,Approved,2026-08-10,Anand,Approved,https://f.io/0qNRvfqr
W28,2026-07-06,Patty,Thu,2026-07-09,V_Sneakers_1OP_LivestreamVansFilmore_Ragebait_AuctionBannerOnly_HookProductName£1Auction_V3_VS_CTA10%Off,V3,Livestream Sneakers (Clips),UK,Sneakers,Moderate,Approved,2026-08-10,Anand,Approved,https://f.io/01k6SGKY
W28,2026-07-06,Zidni,Fri,2026-07-10,V_Sneakers_1OP_FakeLivestream_P6000Anthracite_V1_RS_CTA10%Off,V1,RS Streetwear 3,UK,Sneakers,Moderate,Approved,2026-08-10,Anand,Approved,https://f.io/xinlE5xB
W28,2026-07-06,Zidni,Fri,2026-07-10,V_Sneakers_1OP_FakeLivestream_P6000GreyMetallic_V2_RS_CTA10%Off,V2,RS Streetwear 3,UK,Sneakers,Moderate,Approved,2026-08-10,Anand,Approved,https://f.io/_RDLyjhJ
W28,2026-07-06,Sharm,Fri,2026-07-10,V_Sneakers_1OP_LivestreamNikeFlexTrain_Ragebait_AuctionBannerOnly_HookProductName£1Auction_V3_VS_CTA10%Off,V3,Livestream Sneakers (Clips),UK,Sneakers,Moderate,Approved,2026-08-12,Anand,Approved,https://f.io/Ye-O5LZ9
W28,2026-07-06,Sharm,Fri,2026-07-10,V_Sneakers_2N_PackingTiltOrder_V1_RS_CTA10%Off,V1,RS Streetwear 3,UK,Sneakers,Moderate,Approved,2026-07-08,Anand,Approved,https://f.io/uu0m0Pbf
W28,2026-07-06,Sharm,Fri,2026-07-10,V_Sneakers_5OP_TiltPriceDisplay50%OffRetail_V2_RS_CTA10%Off,V2,RS Streetwear 3,UK,Sneakers,Moderate,Approved,2026-07-08,Anand,Approved,https://f.io/lRqFpG9l
W28,2026-07-06,Sharm,Fri,2026-07-10,V_Watches_2N_ThreeWatches_V2_SJ_CTA10%Off,V2,Skyline Jewellery 2,UK,Watches,Moderate,Approved,2026-07-10,Jacob,Approved,https://f.io/xuAUBE0z
W28,2026-07-06,Patty,Fri,2026-07-10,V_Sneakers_1N_Storytime_V1_RS_CTA10%Off,V1,RS Streetwear 3,UK,Sneakers,Moderate,Approved,2026-07-08,Anand,Approved,https://f.io/gPUr821t
W28,2026-07-06,Patty,Fri,2026-07-10,V_Sneakers_1N_Storytime_V2_RS_CTA10%Off,V2,RS Streetwear 3,UK,Sneakers,Moderate,Approved,2026-07-08,Anand,Approved,https://f.io/bFDhuSil
W28,2026-07-06,Patty,Fri,2026-07-10,V_Sneakers_1OP_FakeLivestream_AsicsGel1130_V4_RS_CTA10%Off,V4,RS Streetwear 3,UK,Sneakers,Moderate,Approved,2026-08-10,Anand,Approved,https://f.io/npnqRTxb
W28,2026-07-06,Patty,Fri,2026-07-10,V_Sneakers_1OP_FakeLivestream_P6000WornDenimBlue_V3_RS_CTA10%Off,V3,RS Streetwear 3,UK,Sneakers,Moderate,Approved,2026-08-10,Anand,Approved,https://f.io/LQcvzfze
W28,2026-07-06,Patty,Fri,2026-07-10,V_Sneakers_2OP_Top5_V1_RS_CTA10%Off,V1,RS Streetwear 3,UK,Sneakers,Moderate,Approved,2026-07-08,Anand,Approved,https://f.io/L0KofqsX
W28,2026-07-06,Patty,Fri,2026-07-10,V_Sneakers_2OP_Top5_V2_RS_CTA10%Off,V2,RS Streetwear 3,UK,Sneakers,Moderate,Approved,2026-07-08,Anand,Approved,https://f.io/6k-iFWkZ
W29,2026-07-13,Zidni,Mon,2026-07-13,,,,,,,,,,,
W29,2026-07-13,Sharm,Mon,2026-07-13,V_TCG_3N_SentToAFriend_V1_KC_CTA10%Off,V1,Kameleon Collectables,UK,TCG,Moderate,Approved,2026-07-13,Hanyan,Approved,https://f.io/xL0dK6Oc
W29,2026-07-13,Patty,Mon,2026-07-13,,,,,,,,,,,
W29,2026-07-13,Zidni,Tue,2026-07-14,,,,,,,,,,,
W29,2026-07-13,Sharm,Tue,2026-07-14,V_Sneakers_1OP_LivestreamAdidasGazelle_Ragebait_AuctionBannerOnly_HookProductName£1Auction_V3_VS_CTA10%Off,V3,Livestream Sneakers (Clips),UK,Sneakers,Moderate,Approved,2026-08-10,Anand,Approved,https://f.io/5oLYDzEK
W29,2026-07-13,Sharm,Tue,2026-07-14,V_Sneakers_1OP_LivestreamNikeQuest_AuctionBannerOnly_HookProductName£1Auction_V2_VS_CTA10%Off,V2,Livestream Sneakers (Clips),UK,Sneakers,Moderate,Approved,2026-08-12,Anand,Approved,https://f.io/GMRnD2sy
W29,2026-07-13,Sharm,Tue,2026-07-14,V_Sneakers_1OP_LivestreamNikeQuest_AuctionBannerOnly_Hook£1SuddenDeath_V1_VS_CTA10%Off,V1,Livestream Sneakers (Clips),UK,Sneakers,Moderate,Approved,2026-08-10,Anand,Approved,https://f.io/4B88wgXX
W29,2026-07-13,Sharm,Tue,2026-07-14,V_Sneakers_1OP_LivestreamNikeQuest_Ragebait_AuctionBannerOnly_HookProductName£1Auction_V3_VS_CTA10%Off,V3,Livestream Sneakers (Clips),UK,Sneakers,Moderate,Approved,2026-08-12,Anand,Approved,https://f.io/l1zlq0ft
W29,2026-07-13,Patty,Tue,2026-07-14,V_Sneakers_1OP_FakeLivestream_P6000WhiteThunderBlue_V5_RS_CTA10%Off,V5,RS Streetwear 3,UK,Sneakers,Moderate,Approved,2026-08-10,Anand,Approved,https://f.io/0pzrhCrQ
W29,2026-07-13,Zidni,Wed,2026-07-15,,,,,,,,,,,
W29,2026-07-13,Sharm,Wed,2026-07-15,,,,,,,,,,,
W29,2026-07-13,Patty,Wed,2026-07-15,,,,,,,,,,,
W29,2026-07-13,Zidni,Thu,2026-07-16,V_Sneakers_1N_TiltAntiAd_V1_AS_CTA10%Off,V1,Active Style 2,UK,Sneakers,Moderate,Approved,2026-07-16,Anand,Approved,https://f.io/7isuRiyR
W29,2026-07-13,Sharm,Thu,2026-07-16,V_Sneakers_1OP_RetailvsTilt_V1_AS_CTA10%Off,V1,Active Style 2,UK,Sneakers,Moderate,Approved,2026-07-15,Anand,Approved,https://f.io/Uh5uWAFP
W29,2026-07-13,Sharm,Thu,2026-07-16,V_Sneakers_1OP_RetailvsTilt_V2_AS_CTA10%Off,V2,Active Style 2,UK,Sneakers,Moderate,Approved,2026-07-16,Anand,Approved,https://f.io/_J79t3jm
W29,2026-07-13,Sharm,Thu,2026-07-16,V_Sneakers_1OP_RetailvsTilt_V3_AS_CTA10%Off,V3,Active Style 2,UK,Sneakers,Moderate,Approved,2026-07-16,Anand,Approved,https://f.io/McT7VJOO
W29,2026-07-13,Sharm,Thu,2026-07-16,V_Sneakers_2N_UpdatedShoeCollection_V1_AS_CTA10%Off,V1,Active Style 2,UK,Sneakers,Moderate,Approved,2026-07-15,Anand,Approved,https://f.io/XHH1jdjS
W29,2026-07-13,Patty,Thu,2026-07-16,V_Sneakers_2N_UpdatedShoeCollection_V2_AS_CTA10%Off,V2,Active Style 2,UK,Sneakers,Moderate,Approved,2026-07-14,Anand,Approved,https://f.io/2sPxvapF
W29,2026-07-13,Patty,Thu,2026-07-16,V_Sneakers_2OP_Top5_V1_AS_CTA10%Off,V1,Active Style 2,UK,Sneakers,Moderate,Approved,2026-07-15,Anand,Approved,https://f.io/9KatW9fk
W29,2026-07-13,Patty,Thu,2026-07-16,V_Sneakers_2OP_Top5_V2_AS_CTA10%Off,V2,Active Style 2,UK,Sneakers,Moderate,Approved,2026-07-15,Anand,Approved,https://f.io/eMiibVbR
W29,2026-07-13,Patty,Thu,2026-07-16,V_Sneakers_2OP_Top5_V3_AS_CTA10%Off,V3,Active Style 2,UK,Sneakers,Moderate,Approved,2026-07-16,Anand,Approved,https://f.io/8YOcDA-k
W29,2026-07-13,Patty,Thu,2026-07-16,V_Sneakers_2OP_Top5_V4_AS_CTA10%Off,V4,Active Style 2,UK,Sneakers,Moderate,Approved,2026-07-16,Anand,Approved,https://f.io/pDgCFYha
W29,2026-07-13,Zidni,Fri,2026-07-17,V_TCG_4N_CallingCustomers_V2_KC_CTA10%Off,V2,Kameleon Collectables (Organic),UK,TCG,Moderate,Approved,2026-07-17,Hanyan,Approved,https://f.io/D4OND1Ob
W29,2026-07-13,Sharm,Fri,2026-07-17,V_TCG_1OP_TapTransition_V1_KC_CTA10%Off,V1,Kameleon Collectables,UK,TCG,Moderate,Approved,2026-07-14,Hanyan,Approved,https://f.io/gR0O34z6
W29,2026-07-13,Sharm,Fri,2026-07-17,V_TCG_1OP_TapTransition_V2_KC_CTA10%Off,V2,Kameleon Collectables,UK,TCG,Moderate,Approved,2026-07-15,Hanyan,Approved,https://f.io/E7-9HCRf
W29,2026-07-13,Sharm,Fri,2026-07-17,V_TCG_2N_DifferentOccupations_V1_KC_CTA10%Off,V1,Kameleon Collectables,UK,TCG,Moderate,Approved,2026-07-15,Hanyan,Approved,https://f.io/wVCyvXam
W29,2026-07-13,Patty,Fri,2026-07-17,V_TCG_1N_CollectorStory_V1_KC_CTA10%Off,V1,Kameleon Collectables,UK,TCG,Moderate,Approved,2026-07-14,Hanyan,Approved,https://f.io/oSyeGabd
W29,2026-07-13,Patty,Fri,2026-07-17,V_TCG_2OP_TiltPickUps_V1_KC_CTA10%Off,V1,Kameleon Collectables,UK,TCG,Moderate,Approved,2026-07-14,Hanyan,Approved,https://f.io/cG3J_ufj
W29,2026-07-13,Patty,Fri,2026-07-17,V_TCG_2OP_TiltPickUps_V2_KC_CTA10%Off,V2,Kameleon Collectables,UK,TCG,Moderate,Approved,2026-07-13,Hanyan,Approved,https://f.io/A1IvwtgZ
W29,2026-07-13,Patty,Fri,2026-07-17,V_TCG_2OP_TiltPickUps_V3_KC_CTA10%Off,V3,Kameleon Collectables,UK,TCG,Moderate,Approved,2026-07-14,Hanyan,Approved,https://f.io/3sSGWw27
W29,2026-07-13,Patty,Fri,2026-07-17,V_TCG_3OP_Transition_V1_KC_CTA10%Off,V1,Kameleon Collectables,UK,TCG,Moderate,Approved,2026-07-14,Hanyan,Approved,https://f.io/sfRSH_RO
W29,2026-07-13,Zidni,Sat,2026-07-18,V_StoneIsland_2OP_NotRichJustTilt_V1_EI_CTA10%Off,V1,Evo Island,UK,Stone Island,Moderate,Approved,2026-07-13,Jacob,Approved,https://f.io/lt1wBd3K
W29,2026-07-13,Sharm,Sat,2026-07-18,V_StoneIsland_1OP_YourChanceToPurchase_V1_EI_CTA10%Off,V1,Evo Island,UK,Stone Island,Moderate,Approved,2026-07-13,Jacob,Approved,https://f.io/RagDglXY
W29,2026-07-13,Sharm,Sat,2026-07-18,V_StoneIsland_1OP_YourChanceToPurchase_V2_EI_CTA10%Off,V2,Evo Island,UK,Stone Island,Moderate,Approved,2026-07-13,Jacob,Approved,https://f.io/l_ct9E6n
W29,2026-07-13,Sharm,Sat,2026-07-18,V_StoneIsland_1OP_YourChanceToPurchase_V3_EI_CTA10%Off,V3,Evo Island,UK,Stone Island,Moderate,Approved,2026-07-13,Jacob,Approved,https://f.io/dRV4Nxyb
W29,2026-07-13,Sharm,Sat,2026-07-18,V_StoneIsland_1OP_YourChanceToPurchase_V4_EI_CTA10%Off,V4,Evo Island,UK,Stone Island,Moderate,Approved,2026-07-13,Jacob,Approved,https://f.io/Xxkxqw-7
W30,2026-07-20,Zidni,Mon,2026-07-20,V_Sneakers_1N_TiltAntiAd_V2_AS_CTA10%Off,V2,Active Style 2,UK,Sneakers,Moderate,Approved,2026-07-16,Anand,Approved,https://f.io/b2uhLKgI
W30,2026-07-20,Zidni,Mon,2026-07-20,V_Sneakers_3OP_SummerBudgetTrainer_V1_AS_CTA10%Off,V1,Active Style 2,UK,Sneakers,Moderate,Approved,2026-07-15,Anand,Approved,https://f.io/dl1BxCsf
W30,2026-07-20,Zidni,Mon,2026-07-20,V_Sneakers_3OP_SummerBudgetTrainer_V2_AS_CTA10%Off,V2,Active Style 2,UK,Sneakers,Moderate,Approved,2026-07-15,Anand,Approved,https://f.io/wmSLSKbd
W30,2026-07-20,Zidni,Mon,2026-07-20,V_Sneakers_3OP_SummerBudgetTrainer_V3_AS_CTA10%Off,V3,Active Style 2,UK,Sneakers,Moderate,Approved,2026-07-15,Anand,Approved,https://f.io/q2JNmqOC
W30,2026-07-20,Zidni,Mon,2026-07-20,V_Sneakers_3OP_SummerBudgetTrainer_V4_AS_CTA10%Off,V4,Active Style 2,UK,Sneakers,Moderate,Approved,2026-07-15,Anand,Approved,https://f.io/1PDg1Kja
W30,2026-07-20,Sharm,Mon,2026-07-20,,,,,,,,,,,
W30,2026-07-20,Patty,Mon,2026-07-20,,,,,,,,,,,
W30,2026-07-20,Zidni,Tue,2026-07-21,V_TCG_4N_CallingCustomers_V1_KC_CTA10%Off,V1,Kameleon Collectables (Organic),UK,TCG,Moderate,Approved,2026-07-17,Hanyan,Approved,https://f.io/BfCCeB5P
W30,2026-07-20,Sharm,Tue,2026-07-21,V_TCG_3N_SentToAFriend_V2_KC_CTA10%Off,V2,Kameleon Collectables,UK,TCG,Moderate,Approved,2026-07-13,Hanyan,Approved,https://f.io/KWjnHcZD
W30,2026-07-20,Patty,Tue,2026-07-21,,,,,,,,,,,
W30,2026-07-20,Zidni,Wed,2026-07-22,,,,,,,,,,,
W30,2026-07-20,Sharm,Wed,2026-07-22,V_Sneakers_1OP_RetailvsTilt_V4_AS_CTA10%Off,V4,Active Style 2,UK,Sneakers,Moderate,Approved,2026-07-21,Anand,Approved,https://f.io/nId4Ojcz
W30,2026-07-20,Patty,Wed,2026-07-22,,,,,,,,,,,
W30,2026-07-20,Zidni,Thu,2026-07-23,V_SneakersEvent_3N_EventsOverview_V2,V2,Wembley Pop Up,UK,Content Lead,Moderate,Approved,2026-07-20,Millie,Approved,https://f.io/cpqFjSKS
W30,2026-07-20,Sharm,Thu,2026-07-23,,,,,,,,,,,
W30,2026-07-20,Patty,Thu,2026-07-23,,,,,,,,,,,
W30,2026-07-20,Zidni,Fri,2026-07-24,,,,,,,,,,,
W30,2026-07-20,Sharm,Fri,2026-07-24,,,,,,,,,,,
W30,2026-07-20,Patty,Fri,2026-07-24,,,,,,,,,,,
W30,2026-07-20,Patty,Sat,2026-07-25,V_SneakersEvent_2N_VoxPopsChallenge_V1,V1,Wembley Pop Up,UK,Content Lead,Moderate,Approved,2026-07-24,Millie,Approved,https://f.io/QNZ4bFBy
W31,2026-07-27,Zidni,Mon,2026-07-27,,,,,,,,,,,
W31,2026-07-27,Sharm,Mon,2026-07-27,V_Clearance_1OP_RetailvsTilt_V1,V1,Clearance,UK,Clearance,Moderate,Approved,2026-07-24,Anand,Approved,https://f.io/4DiA_gIv
W31,2026-07-27,Sharm,Mon,2026-07-27,V_Clearance_1OP_RetailvsTilt_V2,V2,Clearance,UK,Clearance,Moderate,Approved,2026-07-24,Anand,Approved,https://f.io/vnfgww3C
W31,2026-07-27,Sharm,Mon,2026-07-27,V_Clearance_1OP_RetailvsTilt_V3,V3,Clearance,UK,Clearance,Moderate,Approved,2026-07-24,Anand,Approved,https://f.io/D97ekQsG
W31,2026-07-27,Patty,Mon,2026-07-27,V_Clearance_1N_YouWon'tBelieve_V1,V1,Clearance,UK,Clearance,Moderate,Approved,2026-07-24,Anand,Approved,https://f.io/T6tWmK28
W31,2026-07-27,Zidni,Tue,2026-07-28,,,,,,,,,,,
W31,2026-07-27,Sharm,Tue,2026-07-28,,,,,,,,,,,
W31,2026-07-27,Patty,Tue,2026-07-28,,,,,,,,,,,
W31,2026-07-27,Zidni,Wed,2026-07-29,,,,,,,,,,,
W31,2026-07-27,Sharm,Wed,2026-07-29,,,,,,,,,,,
W31,2026-07-27,Patty,Wed,2026-07-29,V_Y2K_1N_Unboxing_V1_Rivers_CTA10%Off,V1,Y2K UGC,UK,Y2K,Moderate,Approved,2026-07-22,Rivers,Approved,https://f.io/dJo6ifYg
W31,2026-07-27,Patty,Wed,2026-07-29,V_Y2K_1N_Unboxing_V2_Rivers_CTA10%Off,V2,Y2K UGC,UK,Y2K,Moderate,Approved,2026-07-22,Rivers,Approved,https://f.io/U6ZHB9yO
W31,2026-07-27,Patty,Wed,2026-07-29,V_Y2K_2N_TryOnHaul_V1_Rivers_CTA10%Off,V1,Y2K UGC,UK,Y2K,Moderate,Approved,2026-07-22,Rivers,Approved,https://f.io/a-LFo6iN
W31,2026-07-27,Zidni,Thu,2026-07-30,V_Clearance_2N_VisualHooks_V1,V1,Clearance,UK,Clearance,Moderate,Approved,2026-07-24,Anand,Approved,https://f.io/5ePs_bQ6
W31,2026-07-27,Zidni,Thu,2026-07-30,V_Clearance_2N_VisualHooks_V2,V2,Clearance,UK,Clearance,Moderate,Approved,2026-07-24,Anand,Approved,https://f.io/MyKJp2as
W31,2026-07-27,Sharm,Thu,2026-07-30,,,,,,,,,,,
W31,2026-07-27,Patty,Thu,2026-07-30,,,,,,,,,,,
W31,2026-07-27,Zidni,Fri,2026-07-31,V_MixedDeals_1OP_TiltvsRetail_V3_CTA10%Off,V3,Clearance 2,UK,Clearance,Moderate,Approved,2026-07-29,Anand,Approved,https://f.io/1T46Mgzu
W31,2026-07-27,Zidni,Fri,2026-07-31,V_MixedDeals_2OP_OnePersonsOrder_V1_CTA10%Off,V1,Clearance 2,UK,Clearance,Moderate,Approved,2026-07-29,Anand,Approved,https://f.io/pPhx9yg4
W31,2026-07-27,Zidni,Fri,2026-07-31,V_MixedDeals_2OP_OnePersonsOrder_V2_CTA10%Off,V2,Clearance 2,UK,Clearance,Moderate,Approved,2026-07-29,Anand,Approved,https://f.io/-iFdmtYf
W31,2026-07-27,Zidni,Fri,2026-07-31,V_MixedDeals_2OP_OnePersonsOrder_V3_CTA10%Off,V3,Clearance 2,UK,Clearance,Moderate,Approved,2026-07-29,Anand,Approved,https://f.io/8-1NBejc
W31,2026-07-27,Sharm,Fri,2026-07-31,V_MixedDeals_1N_YouWon'tBelieve_V1_CTA10%Off,V1,Clearance 2,UK,Clearance,Moderate,Approved,2026-07-29,Anand,Approved,https://f.io/cNLGs4sL
W31,2026-07-27,Sharm,Fri,2026-07-31,V_MixedDeals_1N_YouWon'tBelieve_V2_CTA10%Off,V2,Clearance 2,UK,Clearance,Moderate,Approved,2026-07-29,Anand,Approved,https://f.io/zjbXmEFE
W31,2026-07-27,Sharm,Fri,2026-07-31,V_MixedDeals_2N_VirtualShopping_V1_CTA10%Off,V1,Clearance 2,UK,Clearance,Moderate,Approved,2026-07-30,Anand,Approved,https://f.io/zpnj2p_j
W31,2026-07-27,Patty,Fri,2026-07-31,V_MixedDeals_1OP_TiltvsRetail_V1_CTA10%Off,V1,Clearance 2,UK,Clearance,Moderate,Approved,2026-07-29,Anand,Approved,https://f.io/CfOML7GN
W31,2026-07-27,Patty,Fri,2026-07-31,V_MixedDeals_1OP_TiltvsRetail_V2_CTA10%Off,V2,Clearance 2,UK,Clearance,Moderate,Approved,2026-07-29,Anand,Approved,https://f.io/i-dDnRuQ
W31,2026-07-27,Patty,Fri,2026-07-31,V_MixedDeals_1OP_TiltvsRetail_V4_CTA10%Off,V4,Clearance 2,UK,Clearance,Moderate,Approved,2026-07-30,Anand,Approved,https://f.io/2VnJvsVT
W31,2026-07-27,Patty,Fri,2026-07-31,V_MixedDeals_2N_VirtualShopping_V2_CTA10%Off,V2,Clearance 2,UK,Clearance,Moderate,Approved,2026-07-29,Anand,Approved,https://f.io/ObFwCtpB
W32,2026-08-03,Zidni,Mon,2026-08-03,V_StoneIsland_ShopableClips_V10_Zidni_GL,V10,Shopable Product Clips,UK,Content Lead,Moderate,Approved,2026-08-03,Millie,Approved,https://f.io/obj5cEbb
W32,2026-08-03,Zidni,Mon,2026-08-03,V_StoneIsland_ShopableClips_V11_Zidni_GL,V11,Shopable Product Clips,UK,Content Lead,Moderate,Approved,2026-08-03,Millie,Approved,https://f.io/iYhN2WgT
W32,2026-08-03,Zidni,Mon,2026-08-03,V_StoneIsland_ShopableClips_V12_Zidni_GL,V12,Shopable Product Clips,UK,Content Lead,Moderate,Approved,2026-08-03,Millie,Approved,https://f.io/vyQYW_W9
W32,2026-08-03,Zidni,Mon,2026-08-03,V_StoneIsland_ShopableClips_V13_Zidni_GL,V13,Shopable Product Clips,UK,Content Lead,Moderate,Approved,2026-08-03,Millie,Approved,https://f.io/0fCMoqdZ
W32,2026-08-03,Zidni,Mon,2026-08-03,V_StoneIsland_ShopableClips_V14_Zidni_GL,V14,Shopable Product Clips,UK,Content Lead,Moderate,Approved,2026-08-03,Millie,Approved,https://f.io/C3T2NpzV
W32,2026-08-03,Zidni,Mon,2026-08-03,V_StoneIsland_ShopableClips_V1_Zidni_GL,V1,Shopable Product Clips,UK,Content Lead,Moderate,Approved,2026-08-03,Millie,Approved,https://f.io/z3o7NCfZ
W32,2026-08-03,Zidni,Mon,2026-08-03,V_StoneIsland_ShopableClips_V2_Zidni_GL,V2,Shopable Product Clips,UK,Content Lead,Moderate,Approved,2026-08-03,Millie,Approved,https://f.io/v5xTNLrN
W32,2026-08-03,Zidni,Mon,2026-08-03,V_StoneIsland_ShopableClips_V3_Zidni_GL,V3,Shopable Product Clips,UK,Content Lead,Moderate,Approved,2026-08-03,Millie,Approved,https://f.io/h_cJ3OpA
W32,2026-08-03,Zidni,Mon,2026-08-03,V_StoneIsland_ShopableClips_V4_Zidni_GL,V4,Shopable Product Clips,UK,Content Lead,Moderate,Approved,2026-08-03,Millie,Approved,https://f.io/JJbnlAWk
W32,2026-08-03,Zidni,Mon,2026-08-03,V_StoneIsland_ShopableClips_V5_Zidni_GL,V5,Shopable Product Clips,UK,Content Lead,Moderate,Approved,2026-08-03,Millie,Approved,https://f.io/JSROf8ul
W32,2026-08-03,Zidni,Mon,2026-08-03,V_StoneIsland_ShopableClips_V6_Zidni_GL,V6,Shopable Product Clips,UK,Content Lead,Moderate,Approved,2026-08-03,Millie,Approved,https://f.io/QrsBehGU
W32,2026-08-03,Zidni,Mon,2026-08-03,V_StoneIsland_ShopableClips_V7_Zidni_GL,V7,Shopable Product Clips,UK,Content Lead,Moderate,Approved,2026-08-03,Millie,Approved,https://f.io/13FTFedT
W32,2026-08-03,Zidni,Mon,2026-08-03,V_StoneIsland_ShopableClips_V8_Zidni_GL,V8,Shopable Product Clips,UK,Content Lead,Moderate,Approved,2026-08-03,Millie,Approved,https://f.io/bpLSrCiw
W32,2026-08-03,Zidni,Mon,2026-08-03,V_StoneIsland_ShopableClips_V9_Zidni_GL,V9,Shopable Product Clips,UK,Content Lead,Moderate,Approved,2026-08-03,Millie,Approved,https://f.io/uy6NbXFq
W32,2026-08-03,Sharm,Mon,2026-08-03,,,,,,,,,,,
W32,2026-08-03,Patty,Mon,2026-08-03,V_StoneIsland_ShopableClips_V1_Patty_GL,V1,Shopable Product Clips,UK,Content Lead,Moderate,Approved,2026-08-03,Millie,Approved,https://f.io/hJR0O4Ey
W32,2026-08-03,Patty,Mon,2026-08-03,V_StoneIsland_ShopableClips_V2_Patty_GL,V2,Shopable Product Clips,UK,Content Lead,Moderate,Approved,2026-08-03,Millie,Approved,https://f.io/-8fU2RQx
W32,2026-08-03,Patty,Mon,2026-08-03,V_StoneIsland_ShopableClips_V3_Patty_GL,V3,Shopable Product Clips,UK,Content Lead,Moderate,Approved,2026-08-03,Millie,Approved,https://f.io/7gN75RlB
W32,2026-08-03,Patty,Mon,2026-08-03,V_StoneIsland_ShopableClips_V4_Patty_GL,V4,Shopable Product Clips,UK,Content Lead,Moderate,Approved,2026-08-03,Millie,Approved,https://f.io/DwWgSpKO
W32,2026-08-03,Zidni,Tue,2026-08-04,V_Y2K_1OP_NoTalkingHaul_V1_Rivers_CTA10%Off,V1,Y2K UGC,UK,Y2K,Moderate,Approved,2026-07-24,Rivers,Approved,https://f.io/pd3x-ytD
W32,2026-08-03,Zidni,Tue,2026-08-04,V_Y2K_1OP_NoTalkingHaul_V2_Rivers_CTA10%Off,V2,Y2K UGC,UK,Y2K,Moderate,Approved,2026-07-24,Rivers,Approved,https://f.io/OHiQBucS
W32,2026-08-03,Zidni,Tue,2026-08-04,V_Y2K_1OP_NoTalkingHaul_V3_Rivers_CTA10%Off,V3,Y2K UGC,UK,Y2K,Moderate,Approved,2026-07-24,Rivers,Approved,https://f.io/66A3P8Gy
W32,2026-08-03,Zidni,Tue,2026-08-04,V_Y2K_1OP_NoTalkingHaul_V4_Rivers_CTA10%Off,V4,Y2K UGC,UK,Y2K,Moderate,Approved,2026-07-24,Rivers,Approved,https://f.io/0kwlS9F5
W32,2026-08-03,Sharm,Tue,2026-08-04,V_Y2K_2N_TryOnHaul_V2_Rivers_CTA10%Off,V2,Y2K UGC,UK,Y2K,Moderate,Approved,2026-07-23,Rivers,Approved,https://f.io/7rLw70Rp
W32,2026-08-03,Patty,Tue,2026-08-04,,,,,,,,,,,
W32,2026-08-03,Zidni,Wed,2026-08-05,V_TCG_1OP_BudgetChallenge_V1_KC_CTA10%Off,V1,TCG Re-Edits,UK,TCG,Moderate,Approved,2026-08-05,Hanyan,Approved,https://f.io/tVVBnUbV
W32,2026-08-03,Zidni,Wed,2026-08-05,V_TCG_1OP_IfYouWant_V1_KC_CTA10%Off,V1,TCG Re-Edits,UK,TCG,Moderate,Approved,2026-08-05,Hanyan,Approved,https://f.io/qJLQ18aT
W32,2026-08-03,Sharm,Wed,2026-08-05,V_StoneIsland_ShopableClips_V10_Sharm_GL,V10,Shopable Product Clips,UK,Content Lead,Moderate,Approved,2026-08-03,Millie,Approved,https://f.io/YDBAmVeE
W32,2026-08-03,Sharm,Wed,2026-08-05,V_StoneIsland_ShopableClips_V11_Sharm_GL,V11,Shopable Product Clips,UK,Content Lead,Moderate,Approved,2026-08-03,Millie,Approved,https://f.io/gg_dpnf8
W32,2026-08-03,Sharm,Wed,2026-08-05,V_StoneIsland_ShopableClips_V12_Sharm_GL,V12,Shopable Product Clips,UK,Content Lead,Moderate,Approved,2026-08-03,Millie,Approved,https://f.io/TJF9UHfR
W32,2026-08-03,Sharm,Wed,2026-08-05,V_StoneIsland_ShopableClips_V13_Sharm_GL,V13,Shopable Product Clips,UK,Content Lead,Moderate,Approved,2026-08-03,Millie,Approved,https://f.io/eksGNB1t
W32,2026-08-03,Sharm,Wed,2026-08-05,V_StoneIsland_ShopableClips_V14_Sharm_GL,V14,Shopable Product Clips,UK,Content Lead,Moderate,Approved,2026-08-05,Millie,Approved,https://f.io/RgV8KPt3
W32,2026-08-03,Sharm,Wed,2026-08-05,V_StoneIsland_ShopableClips_V15_Sharm_GL,V15,Shopable Product Clips,UK,Content Lead,Moderate,Approved,2026-08-05,Millie,Approved,https://f.io/7_BRKlsa
W32,2026-08-03,Sharm,Wed,2026-08-05,V_StoneIsland_ShopableClips_V16_Sharm_GL,V16,Shopable Product Clips,UK,Content Lead,Moderate,Approved,2026-08-05,Millie,Approved,https://f.io/ppCzzzk8
W32,2026-08-03,Sharm,Wed,2026-08-05,V_StoneIsland_ShopableClips_V17_Sharm_GL,V17,Shopable Product Clips,UK,Content Lead,Moderate,Approved,2026-08-05,Millie,Approved,https://f.io/v5vtvewV
W32,2026-08-03,Sharm,Wed,2026-08-05,V_StoneIsland_ShopableClips_V18_Sharm_GL,V18,Shopable Product Clips,UK,Content Lead,Moderate,Approved,2026-08-05,Millie,Approved,https://f.io/rPT6-f8F
W32,2026-08-03,Sharm,Wed,2026-08-05,V_StoneIsland_ShopableClips_V19_Sharm_GL,V19,Shopable Product Clips,UK,Content Lead,Moderate,Approved,2026-08-05,Millie,Approved,https://f.io/S1nRun9n
W32,2026-08-03,Sharm,Wed,2026-08-05,V_StoneIsland_ShopableClips_V1_Sharm_GL,V1,Shopable Product Clips,UK,Content Lead,Moderate,Approved,2026-08-03,Millie,Approved,https://f.io/I8dHw15b
W32,2026-08-03,Sharm,Wed,2026-08-05,V_StoneIsland_ShopableClips_V20_Sharm_GL,V20,Shopable Product Clips,UK,Content Lead,Moderate,Approved,2026-08-05,Millie,Approved,https://f.io/oB_fAX_w
W32,2026-08-03,Sharm,Wed,2026-08-05,V_StoneIsland_ShopableClips_V21_Patty_GL,V21,Shopable Product Clips,UK,Content Lead,Moderate,Approved,2026-08-05,Millie,Approved,https://f.io/SEA0kdOb
W32,2026-08-03,Sharm,Wed,2026-08-05,V_StoneIsland_ShopableClips_V22_Patty_GL,V22,Shopable Product Clips,UK,Content Lead,Moderate,Approved,2026-08-05,Millie,Approved,https://f.io/Ifxi-mLD
W32,2026-08-03,Sharm,Wed,2026-08-05,V_StoneIsland_ShopableClips_V2_Sharm_GL,V2,Shopable Product Clips,UK,Content Lead,Moderate,Approved,2026-08-03,Millie,Approved,https://f.io/RVbdJONy
W32,2026-08-03,Sharm,Wed,2026-08-05,V_StoneIsland_ShopableClips_V3_Sharm_GL,V3,Shopable Product Clips,UK,Content Lead,Moderate,Approved,2026-08-03,Millie,Approved,https://f.io/V7wDA3Jd
W32,2026-08-03,Sharm,Wed,2026-08-05,V_StoneIsland_ShopableClips_V4_Sharm_GL,V4,Shopable Product Clips,UK,Content Lead,Moderate,Approved,2026-08-03,Millie,Approved,https://f.io/YFrp1Tsx
W32,2026-08-03,Sharm,Wed,2026-08-05,V_StoneIsland_ShopableClips_V5_Sharm_GL,V5,Shopable Product Clips,UK,Content Lead,Moderate,Approved,2026-08-03,Millie,Approved,https://f.io/aEqKh0jz
W32,2026-08-03,Sharm,Wed,2026-08-05,V_StoneIsland_ShopableClips_V6_Sharm_GL,V6,Shopable Product Clips,UK,Content Lead,Moderate,Approved,2026-08-03,Millie,Approved,https://f.io/Ahs3j_Lf
W32,2026-08-03,Sharm,Wed,2026-08-05,V_StoneIsland_ShopableClips_V7_Sharm_GL,V7,Shopable Product Clips,UK,Content Lead,Moderate,Approved,2026-08-03,Millie,Approved,https://f.io/KA2P4Ho4
W32,2026-08-03,Sharm,Wed,2026-08-05,V_StoneIsland_ShopableClips_V8_Sharm_GL,V8,Shopable Product Clips,UK,Content Lead,Moderate,Approved,2026-08-03,Millie,Approved,https://f.io/-uPKcIs3
W32,2026-08-03,Sharm,Wed,2026-08-05,V_StoneIsland_ShopableClips_V9_Sharm_GL,V9,Shopable Product Clips,UK,Content Lead,Moderate,Approved,2026-08-03,Millie,Approved,https://f.io/k013M545
W32,2026-08-03,Patty,Wed,2026-08-05,V_StoneIsland_ShopableClips_V10_Patty_GL,V10,Shopable Product Clips,UK,Content Lead,Moderate,Approved,2026-08-03,Millie,Approved,https://f.io/NY_NppEp
W32,2026-08-03,Patty,Wed,2026-08-05,V_StoneIsland_ShopableClips_V11_Patty_GL,V11,Shopable Product Clips,UK,Content Lead,Moderate,Approved,2026-08-03,Millie,Approved,https://f.io/Bc1ayffG
W32,2026-08-03,Patty,Wed,2026-08-05,V_StoneIsland_ShopableClips_V12_Patty_GL,V12,Shopable Product Clips,UK,Content Lead,Moderate,Approved,2026-08-03,Millie,Approved,https://f.io/vDlFKiZR
W32,2026-08-03,Patty,Wed,2026-08-05,V_StoneIsland_ShopableClips_V13_Patty_GL,V13,Shopable Product Clips,UK,Content Lead,Moderate,Approved,2026-08-03,Millie,Approved,https://f.io/xZccA0Tf
W32,2026-08-03,Patty,Wed,2026-08-05,V_StoneIsland_ShopableClips_V14_Patty_GL,V14,Shopable Product Clips,UK,Content Lead,Moderate,Approved,2026-08-03,Millie,Approved,https://f.io/g3p1WptH
W32,2026-08-03,Patty,Wed,2026-08-05,V_StoneIsland_ShopableClips_V5_Patty_GL,V5,Shopable Product Clips,UK,Content Lead,Moderate,Approved,2026-08-03,Millie,Approved,https://f.io/7ViYQZc7
W32,2026-08-03,Patty,Wed,2026-08-05,V_StoneIsland_ShopableClips_V6_Patty_GL,V6,Shopable Product Clips,UK,Content Lead,Moderate,Approved,2026-08-03,Millie,Approved,https://f.io/bHrLfphF
W32,2026-08-03,Patty,Wed,2026-08-05,V_StoneIsland_ShopableClips_V7_Patty_GL,V7,Shopable Product Clips,UK,Content Lead,Moderate,Approved,2026-08-03,Millie,Approved,https://f.io/jB_RcMwA
W32,2026-08-03,Patty,Wed,2026-08-05,V_StoneIsland_ShopableClips_V8_Patty_GL,V8,Shopable Product Clips,UK,Content Lead,Moderate,Approved,2026-08-03,Millie,Approved,https://f.io/j1WKzp3U
W32,2026-08-03,Patty,Wed,2026-08-05,V_StoneIsland_ShopableClips_V9_Patty_GL,V9,Shopable Product Clips,UK,Content Lead,Moderate,Approved,2026-08-03,Millie,Approved,https://f.io/u6l7foTa
W32,2026-08-03,Zidni,Thu,2026-08-06,,,,,,,,,,,
W32,2026-08-03,Sharm,Thu,2026-08-06,,,,,,,,,,,
W32,2026-08-03,Patty,Thu,2026-08-06,,,,,,,,,,,
W32,2026-08-03,Zidni,Fri,2026-08-07,Luxury_1OP_Unboxing_V4_ZPZ,V4,Zero Point Zero,UK,Luxury,Low,Approved,2026-08-07,Cristian,Approved,https://f.io/Am7qMwNo
W32,2026-08-03,Zidni,Fri,2026-08-07,Luxury_5N_Storytime_V2_IllNeverSpend_ZPZ,V2,Zero Point Zero,UK,Luxury,Low,Approved,2026-07-30,Cristian,Approved,https://f.io/S-7ck4Ag
W32,2026-08-03,Zidni,Fri,2026-08-07,V_TCG_1OP_MoonbreonLivestream_V1_PokeTCG_CTA10%Off,V1,TCG Moonbreon Pull,UK,TCG,Moderate,Approved,2026-08-07,Hanyan,Approved,https://f.io/MnkXiZXM
W32,2026-08-03,Zidni,Fri,2026-08-07,V_TCG_1OP_MoonbreonLivestream_V2_PokeTCG_CTA10%Off,V2,TCG Moonbreon Pull,UK,TCG,Moderate,Approved,2026-08-07,Hanyan,Approved,https://f.io/Ix7Pmvpj
W32,2026-08-03,Sharm,Fri,2026-08-07,Luxury_1N_ProductShowcase_V1_TiltvsRetail_ZPZ,V1,Zero Point Zero,UK,Luxury,Low,Approved,2026-04-30,Cristian,Approved,https://f.io/jbTlMblI
W32,2026-08-03,Sharm,Fri,2026-08-07,Luxury_1N_ProductShowcase_V2_£1NR,V2,Zero Point Zero,UK,Luxury,Low,Approved,2026-07-30,Cristian,Approved,https://f.io/16h53cHa
W32,2026-08-03,Sharm,Fri,2026-08-07,Luxury_4N_HateUs_V1_DontWannaSeeUs_ZPZ,V1,Zero Point Zero,UK,Luxury,Low,Approved,2026-07-30,Cristian,Approved,https://f.io/2MzSOEUI
W32,2026-08-03,Sharm,Fri,2026-08-07,Luxury_4N_HateUs_V2_OutletNightmare_ZPZ,V2,Zero Point Zero,UK,Luxury,Low,Approved,2026-07-30,Cristian,Approved,https://f.io/CK-FR2QJ
W32,2026-08-03,Sharm,Fri,2026-08-07,V_StoneIsland_3N_TheJourney_V1_GL_CTA10%Off,V1,GarmentzLabs - Italy,UK,Event - Stone Island,Moderate,Approved,2026-07-06,Millie,Approved,https://f.io/x_AAiQF4
W32,2026-08-03,Sharm,Fri,2026-08-07,V_StoneIsland_4N_ActionTime_V1_GL_CTA10%Off,V1,GarmentzLabs - Italy,UK,Event - Stone Island,Moderate,Approved,2026-07-06,Millie,Approved,https://f.io/WzBioK0l
W32,2026-08-03,Patty,Fri,2026-08-07,Luxury_1OP_Unboxing_V2_ZPZ,V2,Zero Point Zero,UK,Luxury,Low,Approved,2026-07-30,Cristian,Approved,https://f.io/v0x2WyvP
W32,2026-08-03,Patty,Fri,2026-08-07,Luxury_2N_TiltPickUp_V1_TiltPrices_ZPZ_1,V1,Zero Point Zero,UK,Luxury,Low,Approved,2026-07-31,Cristian,Approved,https://f.io/Xmime-NM
W32,2026-08-03,Patty,Fri,2026-08-07,Luxury_2N_TiltPickUp_V2_TiltPrices_ZPZ_2,V2,Zero Point Zero,UK,Luxury,Low,Approved,2026-07-31,Cristian,Approved,https://f.io/JODpo48l
W32,2026-08-03,Patty,Fri,2026-08-07,Luxury_2N_TiltPickUp_V2_£1_ZPZ,V2,Zero Point Zero,UK,Luxury,Low,Approved,2026-07-30,Cristian,Approved,https://f.io/imvwHD-4
W32,2026-08-03,Patty,Fri,2026-08-07,Luxury_3N_TiltInterview_V1_Prada_ZPZ,V1,Zero Point Zero,UK,Luxury,Low,Approved,2026-07-30,Cristian,Approved,https://f.io/SiAEbfdC
W32,2026-08-03,Patty,Fri,2026-08-07,Luxury_3N_TiltInterview_V2_BestSecondhand_ZPZ,V2,Zero Point Zero,UK,Luxury,Low,Approved,2026-07-30,Cristian,Approved,https://f.io/Y-_P63eE
W32,2026-08-03,Patty,Fri,2026-08-07,Luxury_5N_Storytime_V1_JacketInTheBin_ZPZ,V1,Zero Point Zero,UK,Luxury,Low,Approved,2026-07-30,Cristian,Approved,https://f.io/MMU7a7f3
W32,2026-08-03,Patty,Fri,2026-08-07,V_StoneIsland_2OP_Location_V2_GL_CTA10%Off,V2,GarmentzLabs - Italy,UK,Event - Stone Island,Moderate,Approved,2026-06-24,Millie,Approved,https://f.io/5aujmK0B
W33,2026-08-10,Zidni,Mon,2026-08-10,V_StoneIsland_2OP_RetailMadeMeBrokeTiltFixedThat_V2_EI_CTA10%Off,V2,Evo Island,UK,Stone Island,Moderate,Approved,2026-07-13,Jacob,Approved,https://f.io/L3j5QhID
W33,2026-08-10,Zidni,Mon,2026-08-10,V_StoneIsland_2OP_StoneIslandIsn'tExpensivewTilt_V3_EI_CTA10%Off,V3,Evo Island,UK,Stone Island,Moderate,Approved,2026-07-13,Jacob,Approved,https://f.io/VmbngFWW
W33,2026-08-10,Sharm,Mon,2026-08-10,V_StoneIsland_2N_SummerStaples_V1_EI_CTA10%Off,V1,Evo Island,UK,Stone Island,Moderate,Approved,2026-07-10,Jacob,Approved,https://f.io/q_qtT89a
W33,2026-08-10,Sharm,Mon,2026-08-10,V_StoneIsland_2N_SummerStaples_V2_EI_CTA10%Off,V2,Evo Island,UK,Stone Island,Moderate,Approved,2026-07-10,Jacob,Approved,https://f.io/wGYjy74w
W33,2026-08-10,Sharm,Mon,2026-08-10,V_Vintage_3N_ChasingHook_V1_KV_CTA10%Off,V1,Kameleon Vintage 2,UK,Vintage,Moderate,Approved,2026-07-16,Cristian,Approved,https://f.io/UB_v3JfG
W33,2026-08-10,Patty,Mon,2026-08-10,V_StoneIsland_1N_CheapestStoney_V1_EI_CTA10%Off,V1,Evo Island,UK,Stone Island,Moderate,Approved,2026-07-10,Jacob,Approved,https://f.io/rKo5DVZb
W33,2026-08-10,Patty,Mon,2026-08-10,V_StoneIsland_1N_CheapestStoney_V2_EI_CTA10%Off,V2,Evo Island,UK,Stone Island,Moderate,Approved,2026-07-10,Jacob,Approved,https://f.io/s5AinOf7
W33,2026-08-10,Patty,Mon,2026-08-10,V_StoneIsland_2OP_FavoritePlaceToShopStoneIslandisTilt_V5_EI_CTA10%Off,V5,Evo Island,UK,Stone Island,Moderate,Approved,2026-07-10,Jacob,Approved,https://f.io/0vyKOoHS
W33,2026-08-10,Patty,Mon,2026-08-10,V_Vintage_1N_ProductMissedOut_V1_KV_CTA10%Off,V1,Kameleon Vintage 2,UK,Vintage,Moderate,Approved,2026-07-16,Cristian,Approved,https://f.io/Hf0XHh17
W33,2026-08-10,Patty,Mon,2026-08-10,V_Vintage_1N_ProductMissedOut_V2_KV_CTA10%Off,V2,Kameleon Vintage 2,UK,Vintage,Moderate,Approved,2026-07-16,Cristian,Approved,https://f.io/EIxCbx4f
W33,2026-08-10,Zidni,Tue,2026-08-11,,,,,,,,,,,
W33,2026-08-10,Sharm,Tue,2026-08-11,,,,,,,,,,,
W33,2026-08-10,Patty,Tue,2026-08-11,,,,,,,,,,,
W33,2026-08-10,Zidni,Wed,2026-08-12,V_StoneIsland_1R_TiltvsRetailV2_V5_NewEffects_CTA10%Off,V5,Winning Ads Remixes,UK,All,Moderate,Approved,2026-08-12,,Approved,https://f.io/mDS-Oiei
W33,2026-08-10,Zidni,Wed,2026-08-12,V_TCG_1R_BudgetChallengeV3.1_V5_NewEffects_CTA10%Off,V5,Winning Ads Remixes,UK,All,Moderate,Approved,2026-08-12,,Approved,https://f.io/k1DOAfnW
W33,2026-08-10,Sharm,Wed,2026-08-12,V_StoneIsland_1R_TiltvsRetailV2_V1_SpedUp_CTA10%Off,V1,Winning Ads Remixes,UK,All,Moderate,Approved,2026-08-12,,Approved,https://f.io/sRCoQaIB
W33,2026-08-10,Sharm,Wed,2026-08-12,V_StoneIsland_1R_TiltvsRetailV2_V2_NewFilters_CTA10%Off,V2,Winning Ads Remixes,UK,All,Moderate,Approved,2026-08-12,,Approved,https://f.io/2aYHco1v
W33,2026-08-10,Sharm,Wed,2026-08-12,V_StoneIsland_1R_TiltvsRetailV2_V3_NewFonts_CTA10%Off,V3,Winning Ads Remixes,UK,All,Moderate,Approved,2026-08-12,,Approved,https://f.io/l3rOLk1A
W33,2026-08-10,Sharm,Wed,2026-08-12,V_StoneIsland_1R_TiltvsRetailV2_V4_NewHeadline_CTA10%Off,V4,Winning Ads Remixes,UK,All,Moderate,Approved,2026-08-12,,Approved,https://f.io/jlyXeAv2
W33,2026-08-10,Patty,Wed,2026-08-12,V_TCG_1R_BudgetChallengeV3.1_V1_SpedUp_CTA10%Off,V1,Winning Ads Remixes,UK,All,Moderate,Approved,2026-08-12,,Approved,https://f.io/uY6KZspZ
W33,2026-08-10,Patty,Wed,2026-08-12,V_TCG_1R_BudgetChallengeV3.1_V2_NewFilters_CTA10%Off,V2,Winning Ads Remixes,UK,All,Moderate,Approved,2026-08-12,,Approved,https://f.io/8kJrLw0Y
W33,2026-08-10,Patty,Wed,2026-08-12,V_TCG_1R_BudgetChallengeV3.1_V3_NewFonts_CTA10%Off,V3,Winning Ads Remixes,UK,All,Moderate,Approved,2026-08-12,,Approved,https://f.io/4Z5ZemJk
W33,2026-08-10,Zidni,Thu,2026-08-13,,,,,,,,,,,
W33,2026-08-10,Sharm,Thu,2026-08-13,,,,,,,,,,,
W33,2026-08-10,Patty,Thu,2026-08-13,,,,,,,,,,,
W33,2026-08-10,Zidni,Fri,2026-08-14,V_Luxury_1R_TurnAroundtoAFriendV1_V1_SpedUp_CTA10%Off,V1,Winning Ads Remixes,UK,All,Moderate,Approved,2026-08-13,,Approved,https://f.io/ovA2vJJV
W33,2026-08-10,Zidni,Fri,2026-08-14,V_Luxury_1R_TurnAroundtoAFriendV1_V2_NewFilters_CTA10%Off,V2,Winning Ads Remixes,UK,All,Moderate,Approved,2026-08-13,,Approved,https://f.io/H0F-whfq
W33,2026-08-10,Zidni,Fri,2026-08-14,V_Luxury_1R_TurnAroundtoAFriendV1_V3_NewFonts_CTA10%Off,V3,Winning Ads Remixes,UK,All,Moderate,Approved,2026-08-13,,Approved,https://f.io/0HdQvunZ
W33,2026-08-10,Zidni,Fri,2026-08-14,V_Luxury_1R_TurnAroundtoAFriendV1_V4_NewHeadline_CTA10%Off,V4,Winning Ads Remixes,UK,All,Moderate,Approved,2026-08-13,,Approved,https://f.io/jQA2tRa2
W33,2026-08-10,Zidni,Fri,2026-08-14,V_TCG_1R_BudgetChallengeV3.1_V4_NewHeadline_CTA10%Off,V4,Winning Ads Remixes,UK,All,Moderate,Approved,2026-08-13,,Approved,https://f.io/mqtPql2k
W33,2026-08-10,Sharm,Fri,2026-08-14,V_Luxury_1R_TurnAroundtoAFriendV1_V5_NewEffects_CTA10%Off,V5,Winning Ads Remixes,UK,All,Moderate,Approved,2026-08-13,,Approved,https://f.io/SAMXUlWk
W33,2026-08-10,Sharm,Fri,2026-08-14,V_Sneaker_1R_TiltSpringSneakersV1_V1_SpedUp_CTA10%Off,V1,Winning Ads Remixes,UK,All,Moderate,Approved,2026-08-13,,Approved,https://f.io/ZXR72yYw
W33,2026-08-10,Sharm,Fri,2026-08-14,V_Sneaker_1R_TiltSpringSneakersV1_V2_NewFilters_CTA10%Off,V2,Winning Ads Remixes,UK,All,Moderate,Approved,2026-08-13,,Approved,https://f.io/jWZn4eHd
W33,2026-08-10,Patty,Fri,2026-08-14,V_Sneaker_1R_TiltSpringSneakersV1_V3_NewFonts_CTA10%Off,V3,Winning Ads Remixes,UK,All,Moderate,Approved,2026-08-13,,Approved,https://f.io/S5xfzJCP
W33,2026-08-10,Patty,Fri,2026-08-14,V_Sneaker_1R_TiltSpringSneakersV1_V4_NewHeadline_CTA10%Off,V4,Winning Ads Remixes,UK,All,Moderate,Approved,2026-08-13,,Approved,https://f.io/Shi8lBiO
W33,2026-08-10,Patty,Fri,2026-08-14,V_Sneaker_1R_TiltSpringSneakersV1_V5_NewEffects_CTA10%Off,V5,Winning Ads Remixes,UK,All,Moderate,Approved,2026-08-14,,Approved,https://f.io/Z4L67HZ8
W34,2026-08-17,Zidni,Mon,2026-08-17,,,,,,,,,,,
W34,2026-08-17,Sharm,Mon,2026-08-17,,,,,,,,,,,
W34,2026-08-17,Patty,Mon,2026-08-17,,,,,,,,,,,
W34,2026-08-17,Zidni,Tue,2026-08-18,,,,,,,,,,,
W34,2026-08-17,Sharm,Tue,2026-08-18,,,,,,,,,,,
W34,2026-08-17,Patty,Tue,2026-08-18,,,,,,,,,,,
W34,2026-08-17,Zidni,Wed,2026-08-19,V_Clearance_1R_VirtualShoppingV1_V2_NewFilters_CTA10%Off,V2,Winning Ads Remixes,UK,All,Moderate,Approved,2026-08-19,,Approved,https://f.io/ZP00FH8O
W34,2026-08-17,Zidni,Wed,2026-08-19,V_Clearance_1R_VirtualShoppingV1_V5_NewEffects_CTA10%Off,V5,Winning Ads Remixes,UK,All,Moderate,Approved,2026-08-19,,Approved,https://f.io/b_7B_EK9
W34,2026-08-17,Zidni,Wed,2026-08-19,V_TCG_1OP_MoonbreonLivestream_V3_PokeTCG_CTA10%Off,V3,TCG Moonbreon Pull,UK,TCG,Moderate,Approved,2026-08-11,Hanyan,Approved,https://f.io/G0Q8T75X
W34,2026-08-17,Sharm,Wed,2026-08-19,V_Clearance_1R_VirtualShoppingV1_V1_SpedUp_CTA10%Off,V1,Winning Ads Remixes,UK,All,Moderate,Approved,2026-08-19,,Approved,https://f.io/PxKXn9sN
W34,2026-08-17,Sharm,Wed,2026-08-19,V_Clearance_1R_VirtualShoppingV1_V3_NewFonts_CTA10%Off,V3,Winning Ads Remixes,UK,All,Moderate,Approved,2026-08-19,,Approved,https://f.io/ww2niSXY
W34,2026-08-17,Patty,Wed,2026-08-19,V_Clearance_1R_VirtualShoppingV1_V4_NewHeadline_CTA10%Off,V4,Winning Ads Remixes,UK,All,Moderate,Approved,2026-08-19,,Approved,https://f.io/0IahnIEL
W34,2026-08-17,Zidni,Thu,2026-08-20,V_TCG_3N_Clips_EveryoneisTalking_V2_TCB_CTA10%Off,V2,The Cardy Boys 3,UK,TCG,Moderate,Approved,2026-08-20,Hanyan,Approved,https://f.io/6PTCHIpu
W34,2026-08-17,Sharm,Thu,2026-08-20,,,,,,,,,,,
W34,2026-08-17,Patty,Thu,2026-08-20,V_TCG_2N_Seller_SellerFeeling_V1_TCB_CTA10%Off,V1,The Cardy Boys 3,UK,TCG,Moderate,Approved,2026-08-20,Hanyan,Approved,https://f.io/kaIt_hpo
W34,2026-08-17,Patty,Thu,2026-08-20,V_TCG_2N_Seller_StatsAndStory_V2_TCB_CTA10%Off,V2,The Cardy Boys 3,UK,TCG,Moderate,Approved,2026-08-20,Hanyan,Approved,https://f.io/BbMtrh0P
W34,2026-08-17,Zidni,Fri,2026-08-21,,,,,,,,,,,
W34,2026-08-17,Sharm,Fri,2026-08-21,V_TCG_1N_Buyers_TopPerformers_V2_TCB_CTA10%Off,V2,The Cardy Boys 3,UK,TCG,Moderate,Approved,2026-08-20,Hanyan,Approved,https://f.io/FXHNNEIF
W34,2026-08-17,Patty,Fri,2026-08-21,,,,,,,,,,,
W35,2026-08-24,Zidni,Mon,2026-08-24,,,,,,,,,,,
W35,2026-08-24,Sharm,Mon,2026-08-24,,,,,,,,,,,
W35,2026-08-24,Patty,Mon,2026-08-24,,,,,,,,,,,
W35,2026-08-24,Zidni,Tue,2026-08-25,V_TCG_3N_Clips_Background_V1_TCB_CTA10%Off,V1,The Cardy Boys 3,UK,TCG,Moderate,Approved,2026-08-20,Hanyan,Approved,https://f.io/tQGjNqzZ
W35,2026-08-24,Zidni,Tue,2026-08-25,V_TCG_4N_30thAnniversary_V1_TCB_CTA10%Off,V1,The Cardy Boys 3,UK,TCG,Moderate,Approved,2026-08-20,Hanyan,Approved,https://f.io/OyBEJfL5
W35,2026-08-24,Sharm,Tue,2026-08-25,V_TCG_1N_Buyers_MenUsedToGoToWar_V1_TCB_CTA10%Off,V1,The Cardy Boys 3,UK,TCG,Moderate,Approved,2026-08-20,Hanyan,Approved,https://f.io/QENX2Dd4
W35,2026-08-24,Patty,Tue,2026-08-25,,,,,,,,,,,
W35,2026-08-24,Zidni,Wed,2026-08-26,V_All_1N_Clips_Sanskar,V1,Clips,UK,All,Moderate,Approved,2026-08-19,,Approved,https://f.io/D4uI2t3P
W35,2026-08-24,Sharm,Wed,2026-08-26,,,,,,,,,,,
W35,2026-08-24,Patty,Wed,2026-08-26,,,,,,,,,,,
W35,2026-08-24,Zidni,Thu,2026-08-27,Day 2,V1,Clips 100K,UK,Clips,Moderate,Approved,2026-08-25,,Approved,https://f.io/FDmQwnCa
W35,2026-08-24,Sharm,Thu,2026-08-27,,,,,,,,,,,
W35,2026-08-24,Patty,Thu,2026-08-27,,,,,,,,,,,
W35,2026-08-24,Zidni,Fri,2026-08-28,,,,,,,,,,,
W35,2026-08-24,Sharm,Fri,2026-08-28,,,,,,,,,,,
W35,2026-08-24,Patty,Fri,2026-08-28,,,,,,,,,,,
W36,2026-08-31,Zidni,Mon,2026-08-31,,,,,,,,,,,
W36,2026-08-31,Sharm,Mon,2026-08-31,,,,,,,,,,,
W36,2026-08-31,Patty,Mon,2026-08-31,,,,,,,,,,,
W36,2026-08-31,Zidni,Tue,2026-09-01,UK Clips Product Launch,V1,Product Launch,UK,Content Lead,Moderate,Approved,2026-09-01,Millie,Approved,https://f.io/rhTF8ZRg
W36,2026-08-31,Sharm,Tue,2026-09-01,,,,,,,,,,,
W36,2026-08-31,Patty,Tue,2026-09-01,,,,,,,,,,,
W36,2026-08-31,Zidni,Wed,2026-09-02,V_Streetwear_1O_10QuestionswithTilt_V1_Balling,V1,Balling,UK,Content Lead,Moderate,Approved,2026-09-10,Millie,Approved,https://f.io/nULRf6BS
W36,2026-08-31,Sharm,Wed,2026-09-02,,,,,,,,,,,
W36,2026-08-31,Patty,Wed,2026-09-02,,,,,,,,,,,
W36,2026-08-31,Zidni,Thu,2026-09-03,,,,,,,,,,,
W36,2026-08-31,Sharm,Thu,2026-09-03,,,,,,,,,,,
W36,2026-08-31,Patty,Thu,2026-09-03,,,,,,,,,,,
W36,2026-08-31,Zidni,Fri,2026-09-04,,,,,,,,,,,
W36,2026-08-31,Sharm,Fri,2026-09-04,,,,,,,,,,,
W36,2026-08-31,Patty,Fri,2026-09-04,,,,,,,,,,,
W37,2026-09-07,Zidni,Mon,2026-09-07,,,,,,,,,,,
W37,2026-09-07,Sharm,Mon,2026-09-07,,,,,,,,,,,
W37,2026-09-07,Patty,Mon,2026-09-07,,,,,,,,,,,
W37,2026-09-07,Zidni,Tue,2026-09-08,,,,,,,,,,,
W37,2026-09-07,Sharm,Tue,2026-09-08,V_Luxury_9O_IfIHadToRebuildMyWardrobe_V1_ZeroPointZero,V1,Zero Point Zero,UK,Content Lead,Moderate,Approved,2026-09-08,Millie,Approved,https://f.io/vv6S0NN3
W37,2026-09-07,Patty,Tue,2026-09-08,,,,,,,,,,,
W37,2026-09-07,Zidni,Wed,2026-09-09,,,,,,,,,,,
W37,2026-09-07,Sharm,Wed,2026-09-09,,,,,,,,,,,
W37,2026-09-07,Patty,Wed,2026-09-09,,,,,,,,,,,
W37,2026-09-07,Zidni,Thu,2026-09-10,,,,,,,,,,,
W37,2026-09-07,Sharm,Thu,2026-09-10,,,,,,,,,,,
W37,2026-09-07,Patty,Thu,2026-09-10,,,,,,,,,,,
W37,2026-09-07,Zidni,Fri,2026-09-11,V_Luxury_1O_3PiecesI'llNeverSellOnTilt_V1_ZeroPointZero,V1,Zero Point Zero,UK,Content Lead,Moderate,Approved,2026-09-10,Millie,Approved,https://f.io/2kSNE2aR
W37,2026-09-07,Zidni,Fri,2026-09-11,V_Luxury_7O_OutfitsICan'tWaitToWearThisFall_V1_ZeroPointZero,V1,Zero Point Zero,UK,Content Lead,Moderate,Approved,2026-09-10,Millie,Approved,https://f.io/xcPn0_xa
W37,2026-09-07,Sharm,Fri,2026-09-11,,,,,,,,,,,
W37,2026-09-07,Patty,Fri,2026-09-11,,,,,,,,,,,
W38,2026-09-14,Zidni,Mon,2026-09-14,,,,,,,,,,,
W38,2026-09-14,Sharm,Mon,2026-09-14,,,,,,,,,,,
W38,2026-09-14,Patty,Mon,2026-09-14,,,,,,,,,,,
W38,2026-09-14,Zidni,Tue,2026-09-15,,,,,,,,,,,
W38,2026-09-14,Sharm,Tue,2026-09-15,,,,,,,,,,,
W38,2026-09-14,Patty,Tue,2026-09-15,,,,,,,,,,,
W38,2026-09-14,Zidni,Wed,2026-09-16,,,,,,,,,,,
W38,2026-09-14,Sharm,Wed,2026-09-16,,,,,,,,,,,
W38,2026-09-14,Patty,Wed,2026-09-16,,,,,,,,,,,
W38,2026-09-14,Zidni,Thu,2026-09-17,,,,,,,,,,,
W38,2026-09-14,Sharm,Thu,2026-09-17,,,,,,,,,,,
W38,2026-09-14,Patty,Thu,2026-09-17,,,,,,,,,,,
W38,2026-09-14,Zidni,Fri,2026-09-18,,,,,,,,,,,
W38,2026-09-14,Sharm,Fri,2026-09-18,,,,,,,,,,,
W38,2026-09-14,Patty,Fri,2026-09-18,,,,,,,,,,,
W39,2026-09-21,Zidni,Mon,2026-09-21,,,,,,,,,,,
W39,2026-09-21,Sharm,Mon,2026-09-21,,,,,,,,,,,
W39,2026-09-21,Patty,Mon,2026-09-21,,,,,,,,,,,
W39,2026-09-21,Zidni,Tue,2026-09-22,,,,,,,,,,,
W39,2026-09-21,Sharm,Tue,2026-09-22,,,,,,,,,,,
W39,2026-09-21,Patty,Tue,2026-09-22,,,,,,,,,,,
W39,2026-09-21,Zidni,Wed,2026-09-23,,,,,,,,,,,
W39,2026-09-21,Sharm,Wed,2026-09-23,,,,,,,,,,,
W39,2026-09-21,Patty,Wed,2026-09-23,,,,,,,,,,,
W39,2026-09-21,Zidni,Thu,2026-09-24,,,,,,,,,,,
W39,2026-09-21,Sharm,Thu,2026-09-24,,,,,,,,,,,
W39,2026-09-21,Patty,Thu,2026-09-24,,,,,,,,,,,
W39,2026-09-21,Zidni,Fri,2026-09-25,,,,,,,,,,,
W39,2026-09-21,Sharm,Fri,2026-09-25,,,,,,,,,,,
W39,2026-09-21,Patty,Fri,2026-09-25,,,,,,,,,,,
W40,2026-09-28,Zidni,Mon,2026-09-28,,,,,,,,,,,
W40,2026-09-28,Sharm,Mon,2026-09-28,,,,,,,,,,,
W40,2026-09-28,Patty,Mon,2026-09-28,,,,,,,,,,,
W40,2026-09-28,Zidni,Tue,2026-09-29,,,,,,,,,,,
W40,2026-09-28,Sharm,Tue,2026-09-29,,,,,,,,,,,
W40,2026-09-28,Patty,Tue,2026-09-29,,,,,,,,,,,
W40,2026-09-28,Zidni,Wed,2026-09-30,,,,,,,,,,,
W40,2026-09-28,Sharm,Wed,2026-09-30,,,,,,,,,,,
W40,2026-09-28,Patty,Wed,2026-09-30,,,,,,,,,,,
