Week,Week of,Editor,Day,Date,Video,Version,Campaign,Country,Category,Difficulty,Status,CH Head,CH QC,Final Video
W27,2026-06-29,Zidni,Wed,2026-07-01,,,,,,,,,,
W27,2026-06-29,Sharm,Wed,2026-07-01,,,,,,,,,,
W27,2026-06-29,Patty,Wed,2026-07-01,,,,,,,,,,
W27,2026-06-29,Zidni,Thu,2026-07-02,V_Luxury_1N_RecapVideo_V1_BigNarstie,V1,Big Narstie,UK,Luxury,Moderate,Approved,Cristian,,https://f.io/vKoOA5MY
W27,2026-06-29,Sharm,Thu,2026-07-02,,,,,,,,,,
W27,2026-06-29,Patty,Thu,2026-07-02,,,,,,,,,,
W27,2026-06-29,Zidni,Fri,2026-07-03,,,,,,,,,,
W27,2026-06-29,Sharm,Fri,2026-07-03,,,,,,,,,,
W27,2026-06-29,Patty,Fri,2026-07-03,,,,,,,,,,
W28,2026-07-06,Zidni,Mon,2026-07-06,V_StoneIsland_1OP_ASMR_V1_GL_CTA10%Off,V1,GarmentzLabs - Italy,UK,Event - Stone Island,Moderate,Approved,Millie,Approved,https://f.io/yMFUscKg
W28,2026-07-06,Zidni,Mon,2026-07-06,V_Watches_1OP_Blindfold_V1_SJ_CTA10%Off,V1,Skyline Jewellery 2,UK,Watches,Moderate,Approved,Jacob,Approved,https://f.io/XVTwIhJj
W28,2026-07-06,Zidni,Mon,2026-07-06,V_Watches_1OP_Blindfold_V2_SJ_CTA10%Off,V2,Skyline Jewellery 2,UK,Watches,Moderate,Approved,Jacob,Approved,https://f.io/0Zt191bZ
W28,2026-07-06,Zidni,Mon,2026-07-06,V_Watches_1OP_Blindfold_V3_SJ_CTA10%Off,V3,Skyline Jewellery 2,UK,Watches,Moderate,Approved,Jacob,Approved,https://f.io/i0LdDYBI
W28,2026-07-06,Zidni,Mon,2026-07-06,V_Watches_1OP_Blindfold_V4_SJ_CTA10%Off,V4,Skyline Jewellery 2,UK,Watches,Moderate,Approved,Jacob,Approved,https://f.io/ebgrOuDT
W28,2026-07-06,Zidni,Mon,2026-07-06,V_Watches_2OP_RetailvsTilt_V1_SJ_CTA10%Off,V1,Skyline Jewellery 2,UK,Watches,Moderate,Approved,Jacob,Approved,https://f.io/gy2MtNX0
W28,2026-07-06,Zidni,Mon,2026-07-06,V_Watches_2OP_RetailvsTilt_V2_SJ_CTA10%Off,V2,Skyline Jewellery 2,UK,Watches,Moderate,Approved,Jacob,Approved,https://f.io/4CzAJigm
W28,2026-07-06,Zidni,Mon,2026-07-06,V_Watches_2OP_RetailvsTilt_V3_SJ_CTA10%Off,V3,Skyline Jewellery 2,UK,Watches,Moderate,Approved,Jacob,Approved,https://f.io/V5Qouch2
W28,2026-07-06,Zidni,Mon,2026-07-06,V_Watches_2OP_RetailvsTilt_V4_SJ_CTA10%Off,V4,Skyline Jewellery 2,UK,Watches,Moderate,Approved,Jacob,Approved,https://f.io/IH1LWA8b
W28,2026-07-06,Sharm,Mon,2026-07-06,V_StoneIsland_2OP_ResellersDream_V1_GL_CTA10%Off,V1,GarmentzLabs - Italy,UK,Event - Stone Island,Moderate,Approved,Millie,Approved,https://f.io/8VvIsn15
W28,2026-07-06,Sharm,Mon,2026-07-06,V_StoneIsland_3N_TheJourney_V1_GL_CTA10%Off,V1,GarmentzLabs - Italy,UK,Event - Stone Island,Moderate,Approved,Millie,Approved,https://f.io/x_AAiQF4
W28,2026-07-06,Sharm,Mon,2026-07-06,V_StoneIsland_4N_ActionTime_V1_GL_CTA10%Off,V1,GarmentzLabs - Italy,UK,Event - Stone Island,Moderate,Approved,Millie,Approved,https://f.io/WzBioK0l
W28,2026-07-06,Patty,Mon,2026-07-06,V_StoneIsland_5N_Walkthrough_V1_GL_CTA10%Off,V1,GarmentzLabs - Italy,UK,Event - Stone Island,Moderate,Approved,Millie,Approved,https://f.io/B3C5DhTZ
W28,2026-07-06,Patty,Mon,2026-07-06,V_StoneIsland_6N_PickingStock_V1_GL_CTA10%Off,V1,GarmentzLabs - Italy,UK,Event - Stone Island,Moderate,Approved,Millie,Approved,https://f.io/KJY1fVFq
W28,2026-07-06,Patty,Mon,2026-07-06,V_Watches_2OP_AffordableWatch_V3_SJ_CTA10%Off,V3,Skyline Jewellery 2,UK,Watches,Moderate,Approved,Jacob,Approved,https://f.io/DUc3m1gS
W28,2026-07-06,Patty,Mon,2026-07-06,V_Watches_2OP_AffordableWatch_V4_SJ_CTA10%Off,V4,Skyline Jewellery 2,UK,Watches,Moderate,Approved,Jacob,Approved,https://f.io/LZYIII8f
W28,2026-07-06,Patty,Mon,2026-07-06,V_Watches_3N_CommentReply_V1_SJ_CTA10%Off,V1,Skyline Jewellery 2,UK,Watches,Moderate,Approved,Jacob,Approved,https://f.io/I_i-Vue9
W28,2026-07-06,Patty,Mon,2026-07-06,V_Watches_3N_CommentReply_V2_SJ_CTA10%Off,V2,Skyline Jewellery 2,UK,Watches,Moderate,Approved,Jacob,Approved,https://f.io/5NlD730X
W28,2026-07-06,Patty,Mon,2026-07-06,V_Watches_4N_WatchesforBeginners_V1_SJ_CTA10%Off,V1,Skyline Jewellery 2,UK,Watches,Moderate,Approved,Jacob,Approved,https://f.io/eHCwQsxA
W28,2026-07-06,Patty,Mon,2026-07-06,V_Watches_4N_WatchesforBeginners_V2_SJ_CTA10%Off,V2,Skyline Jewellery 2,UK,Watches,Moderate,Approved,Jacob,Approved,https://f.io/Jf190QeK
W28,2026-07-06,Zidni,Tue,2026-07-07,,,,,,,,,,
W28,2026-07-06,Sharm,Tue,2026-07-07,V_Sneakers_5OP_TiltPriceDisplay£1_V1_RS_CTA10%Off,V1,RS Streetwear 3,UK,Sneakers,Moderate,Approved,Anand,Approved,https://f.io/sVqjduSL
W28,2026-07-06,Sharm,Tue,2026-07-07,V_Watches_2N_ThreeWatches_V1_SJ_CTA10%Off,V1,Skyline Jewellery 2,UK,Watches,Moderate,Approved,Jacob,Approved,https://f.io/J19KW5XE
W28,2026-07-06,Patty,Tue,2026-07-07,,,,,,,,,,
W28,2026-07-06,Zidni,Wed,2026-07-08,Culture Milano - Streetwear,V1,July - 2026,IT,All,Moderate,Approved,,,https://f.io/NWhioHiR
W28,2026-07-06,Zidni,Wed,2026-07-08,Sneakerhouse - Football,V1,July - 2026,IT,All,Moderate,Approved,,,https://f.io/jolpOV9w
W28,2026-07-06,Zidni,Wed,2026-07-08,TCG Europe,V1,July - 2026,IT,All,Moderate,Approved,,,https://f.io/C2p5KFDS
W28,2026-07-06,Zidni,Wed,2026-07-08,Topgames - TCG,V1,July - 2026,IT,All,Moderate,Approved,,,https://f.io/Seyh5HQB
W28,2026-07-06,Zidni,Wed,2026-07-08,V_All_1N_CrowdCube_Rhianna,V1,Crowd Cube,UK,All,Moderate,Approved,,Cancelled,https://f.io/voIYASxO
W28,2026-07-06,Zidni,Wed,2026-07-08,V_Sneakers_3OP_WhereDidYouGet_V1_RS_CTA10%Off,V1,RS Streetwear 3,UK,Sneakers,Moderate,Approved,Anand,Approved,https://f.io/EPCnGk2R
W28,2026-07-06,Sharm,Wed,2026-07-08,V_Sneakers_2N_PackingTiltOrder_V1_RS_CTA10%Off,V1,RS Streetwear 3,UK,Sneakers,Moderate,Approved,Anand,Approved,https://f.io/uu0m0Pbf
W28,2026-07-06,Sharm,Wed,2026-07-08,V_Sneakers_4N_SnapchatHook_V1_RS_CTA10%Off,V1,RS Streetwear 3,UK,Sneakers,Moderate,Approved,Anand,Approved,https://f.io/tQxziAcw
W28,2026-07-06,Sharm,Wed,2026-07-08,V_Sneakers_4OP_Showcase50%Off_V1_RS_CTA10%Off,V1,RS Streetwear 3,UK,Sneakers,Moderate,Approved,Anand,Approved,https://f.io/s2pJdDB9
W28,2026-07-06,Sharm,Wed,2026-07-08,V_Sneakers_4OP_Showcase£1NR_V2_RS_CTA10%Off,V2,RS Streetwear 3,UK,Sneakers,Moderate,Approved,Anand,Approved,https://f.io/oLAPIaLS
W28,2026-07-06,Sharm,Wed,2026-07-08,V_Sneakers_5OP_TiltPriceDisplay50%OffRetail_V2_RS_CTA10%Off,V2,RS Streetwear 3,UK,Sneakers,Moderate,Approved,Anand,Approved,https://f.io/lRqFpG9l
W28,2026-07-06,Sharm,Wed,2026-07-08,V_Watches_1N_2026andStillNoWatch_V1_SJ_CTA10%Off,V1,Skyline Jewellery 2,UK,Watches,Moderate,Approved,Jacob,Approved,https://f.io/RA6yi27P
W28,2026-07-06,Sharm,Wed,2026-07-08,V_Watches_1N_2026andStillNoWatch_V2_SJ_CTA10%Off,V2,Skyline Jewellery 2,UK,Watches,Moderate,Approved,Jacob,Approved,https://f.io/yHnOCJJq
W28,2026-07-06,Sharm,Wed,2026-07-08,V_Watches_2OP_AffordableWatch_V1_SJ_CTA10%Off,V1,Skyline Jewellery 2,UK,Watches,Moderate,Approved,Jacob,Approved,https://f.io/haaAuUc4
W28,2026-07-06,Sharm,Wed,2026-07-08,V_Watches_2OP_AffordableWatch_V2_SJ_CTA10%Off,V2,Skyline Jewellery 2,UK,Watches,Moderate,Approved,Jacob,Approved,https://f.io/gt4un-iN
W28,2026-07-06,Patty,Wed,2026-07-08,V_Sneakers_1N_Storytime_V1_RS_CTA10%Off,V1,RS Streetwear 3,UK,Sneakers,Moderate,Approved,Anand,Approved,https://f.io/gPUr821t
W28,2026-07-06,Patty,Wed,2026-07-08,V_Sneakers_1N_Storytime_V2_RS_CTA10%Off,V2,RS Streetwear 3,UK,Sneakers,Moderate,Approved,Anand,Approved,https://f.io/bFDhuSil
W28,2026-07-06,Patty,Wed,2026-07-08,V_Sneakers_2OP_Top5_V1_RS_CTA10%Off,V1,RS Streetwear 3,UK,Sneakers,Moderate,Approved,Anand,Approved,https://f.io/L0KofqsX
W28,2026-07-06,Patty,Wed,2026-07-08,V_Sneakers_2OP_Top5_V2_RS_CTA10%Off,V2,RS Streetwear 3,UK,Sneakers,Moderate,Approved,Anand,Approved,https://f.io/6k-iFWkZ
W28,2026-07-06,Zidni,Thu,2026-07-09,Allinresell + Unpluggedstore - CP Company Event,V1,July - 2026,IT,All,Moderate,Approved,,,https://f.io/1kqodLxf
W28,2026-07-06,Sharm,Thu,2026-07-09,,,,,,,,,,
W28,2026-07-06,Patty,Thu,2026-07-09,,,,,,,,,,
W28,2026-07-06,Zidni,Fri,2026-07-10,kingtcg,V1,July 2026,ES,All,Moderate,Approved,,,https://f.io/kDQDprSc
W28,2026-07-06,Sharm,Fri,2026-07-10,V_StoneIsland_2N_SummerStaples_V1_EI_CTA10%Off,V1,Evo Island,UK,Stone Island,Moderate,Approved,Jacob,Approved,https://f.io/q_qtT89a
W28,2026-07-06,Sharm,Fri,2026-07-10,V_StoneIsland_2N_SummerStaples_V2_EI_CTA10%Off,V2,Evo Island,UK,Stone Island,Moderate,Approved,Jacob,Approved,https://f.io/wGYjy74w
W28,2026-07-06,Sharm,Fri,2026-07-10,V_Watches_2N_ThreeWatches_V2_SJ_CTA10%Off,V2,Skyline Jewellery 2,UK,Watches,Moderate,Approved,Jacob,Approved,https://f.io/xuAUBE0z
W28,2026-07-06,Patty,Fri,2026-07-10,V_StoneIsland_1N_CheapestStoney_V1_EI_CTA10%Off,V1,Evo Island,UK,Stone Island,Moderate,Approved,Jacob,Approved,https://f.io/rKo5DVZb
W28,2026-07-06,Patty,Fri,2026-07-10,V_StoneIsland_1N_CheapestStoney_V2_EI_CTA10%Off,V2,Evo Island,UK,Stone Island,Moderate,Approved,Jacob,Approved,https://f.io/s5AinOf7
W28,2026-07-06,Patty,Fri,2026-07-10,V_StoneIsland_2OP_FavoritePlaceToShopStoneIslandisTilt_V5_EI_CTA10%Off,V5,Evo Island,UK,Stone Island,Moderate,Approved,Jacob,Approved,https://f.io/0vyKOoHS
W29,2026-07-13,Zidni,Mon,2026-07-13,V_StoneIsland_2OP_NotRichJustTilt_V1_EI_CTA10%Off,V1,Evo Island,UK,Stone Island,Moderate,Approved,Jacob,Approved,https://f.io/lt1wBd3K
W29,2026-07-13,Zidni,Mon,2026-07-13,V_StoneIsland_2OP_RetailMadeMeBrokeTiltFixedThat_V2_EI_CTA10%Off,V2,Evo Island,UK,Stone Island,Moderate,Approved,Jacob,Approved,https://f.io/L3j5QhID
W29,2026-07-13,Zidni,Mon,2026-07-13,V_StoneIsland_2OP_StoneIslandIsn'tExpensivewTilt_V3_EI_CTA10%Off,V3,Evo Island,UK,Stone Island,Moderate,Approved,Jacob,Approved,https://f.io/VmbngFWW
W29,2026-07-13,Zidni,Mon,2026-07-13,V_StoneIsland_2OP_TheEasiestWaytoLookExpensiveisTilt_V4_EI_CTA10%Off,V4,Evo Island,UK,Stone Island,Moderate,Approved,Jacob,Cancelled,https://f.io/YWYqCAGM
W29,2026-07-13,Sharm,Mon,2026-07-13,V_StoneIsland_1OP_YourChanceToPurchase_V1_EI_CTA10%Off,V1,Evo Island,UK,Stone Island,Moderate,Approved,Jacob,Approved,https://f.io/RagDglXY
W29,2026-07-13,Sharm,Mon,2026-07-13,V_StoneIsland_1OP_YourChanceToPurchase_V2_EI_CTA10%Off,V2,Evo Island,UK,Stone Island,Moderate,Approved,Jacob,Approved,https://f.io/l_ct9E6n
W29,2026-07-13,Sharm,Mon,2026-07-13,V_StoneIsland_1OP_YourChanceToPurchase_V3_EI_CTA10%Off,V3,Evo Island,UK,Stone Island,Moderate,Approved,Jacob,Approved,https://f.io/dRV4Nxyb
W29,2026-07-13,Sharm,Mon,2026-07-13,V_StoneIsland_1OP_YourChanceToPurchase_V4_EI_CTA10%Off,V4,Evo Island,UK,Stone Island,Moderate,Approved,Jacob,Approved,https://f.io/Xxkxqw-7
W29,2026-07-13,Sharm,Mon,2026-07-13,V_TCG_3N_SentToAFriend_V1_KC_CTA10%Off,V1,Kameleon Collectables,UK,TCG,Moderate,Approved,Hanyan,Approved,https://f.io/xL0dK6Oc
W29,2026-07-13,Sharm,Mon,2026-07-13,V_TCG_3N_SentToAFriend_V2_KC_CTA10%Off,V2,Kameleon Collectables,UK,TCG,Moderate,Approved,Hanyan,Approved,https://f.io/KWjnHcZD
W29,2026-07-13,Patty,Mon,2026-07-13,V_TCG_2OP_TiltPickUps_V2_KC_CTA10%Off,V2,Kameleon Collectables,UK,TCG,Moderate,Approved,Hanyan,Approved,https://f.io/A1IvwtgZ
W29,2026-07-13,Zidni,Tue,2026-07-14,Kilowear,V1,July - 2026,IT,All,Moderate,Approved,,,https://f.io/cLTrqInL
W29,2026-07-13,Zidni,Tue,2026-07-14,NAMICARDS,V1,July - 2026,IT,All,Moderate,Approved,,,https://f.io/DCfemrWX
W29,2026-07-13,Zidni,Tue,2026-07-14,Sportitalia - Football,V1,July - 2026,IT,All,Moderate,Approved,,,https://f.io/jOtQqfEY
W29,2026-07-13,Zidni,Tue,2026-07-14,Sportitallia_Football_CTA V2,V1,July - 2026,IT,All,Moderate,Approved,,,https://f.io/4g1rf1fs
W29,2026-07-13,Zidni,Tue,2026-07-14,mendry - mistery box,V1,July 2026,ES,All,Moderate,Approved,,,https://f.io/LzyW6TB0
W29,2026-07-13,Sharm,Tue,2026-07-14,V_TCG_1OP_TapTransition_V1_KC_CTA10%Off,V1,Kameleon Collectables,UK,TCG,Moderate,Approved,Hanyan,Approved,https://f.io/gR0O34z6
W29,2026-07-13,Patty,Tue,2026-07-14,V_Sneakers_2N_UpdatedShoeCollection_V2_AS_CTA10%Off,V2,Active Style 2,UK,Sneakers,Moderate,Approved,Anand,Approved,https://f.io/2sPxvapF
W29,2026-07-13,Patty,Tue,2026-07-14,V_TCG_1N_CollectorStory_V1_KC_CTA10%Off,V1,Kameleon Collectables,UK,TCG,Moderate,Approved,Hanyan,Approved,https://f.io/oSyeGabd
W29,2026-07-13,Patty,Tue,2026-07-14,V_TCG_2OP_TiltPickUps_V1_KC_CTA10%Off,V1,Kameleon Collectables,UK,TCG,Moderate,Approved,Hanyan,Approved,https://f.io/cG3J_ufj
W29,2026-07-13,Patty,Tue,2026-07-14,V_TCG_2OP_TiltPickUps_V3_KC_CTA10%Off,V3,Kameleon Collectables,UK,TCG,Moderate,Approved,Hanyan,Approved,https://f.io/3sSGWw27
W29,2026-07-13,Patty,Tue,2026-07-14,V_TCG_3OP_Transition_V1_KC_CTA10%Off,V1,Kameleon Collectables,UK,TCG,Moderate,Approved,Hanyan,Approved,https://f.io/sfRSH_RO
W29,2026-07-13,Zidni,Wed,2026-07-15,V_Sneakers_3OP_SummerBudgetTrainer_V1_AS_CTA10%Off,V1,Active Style 2,UK,Sneakers,Moderate,Approved,Anand,Approved,https://f.io/dl1BxCsf
W29,2026-07-13,Zidni,Wed,2026-07-15,V_Sneakers_3OP_SummerBudgetTrainer_V2_AS_CTA10%Off,V2,Active Style 2,UK,Sneakers,Moderate,Approved,Anand,Approved,https://f.io/wmSLSKbd
W29,2026-07-13,Zidni,Wed,2026-07-15,V_Sneakers_3OP_SummerBudgetTrainer_V3_AS_CTA10%Off,V3,Active Style 2,UK,Sneakers,Moderate,Approved,Anand,Approved,https://f.io/q2JNmqOC
W29,2026-07-13,Zidni,Wed,2026-07-15,V_Sneakers_3OP_SummerBudgetTrainer_V4_AS_CTA10%Off,V4,Active Style 2,UK,Sneakers,Moderate,Approved,Anand,Approved,https://f.io/1PDg1Kja
W29,2026-07-13,Sharm,Wed,2026-07-15,V_Sneakers_1OP_RetailvsTilt_V1_AS_CTA10%Off,V1,Active Style 2,UK,Sneakers,Moderate,Approved,Anand,Approved,https://f.io/Uh5uWAFP
W29,2026-07-13,Sharm,Wed,2026-07-15,V_Sneakers_2N_UpdatedShoeCollection_V1_AS_CTA10%Off,V1,Active Style 2,UK,Sneakers,Moderate,Approved,Anand,Approved,https://f.io/XHH1jdjS
W29,2026-07-13,Sharm,Wed,2026-07-15,V_TCG_1OP_TapTransition_V2_KC_CTA10%Off,V2,Kameleon Collectables,UK,TCG,Moderate,Approved,Hanyan,Approved,https://f.io/E7-9HCRf
W29,2026-07-13,Sharm,Wed,2026-07-15,V_TCG_2N_DifferentOccupations_V1_KC_CTA10%Off,V1,Kameleon Collectables,UK,TCG,Moderate,Approved,Hanyan,Approved,https://f.io/wVCyvXam
W29,2026-07-13,Patty,Wed,2026-07-15,V_Sneakers_2OP_Top5_V1_AS_CTA10%Off,V1,Active Style 2,UK,Sneakers,Moderate,Approved,Anand,Approved,https://f.io/9KatW9fk
W29,2026-07-13,Patty,Wed,2026-07-15,V_Sneakers_2OP_Top5_V2_AS_CTA10%Off,V2,Active Style 2,UK,Sneakers,Moderate,Approved,Anand,Approved,https://f.io/eMiibVbR
W29,2026-07-13,Zidni,Thu,2026-07-16,V_Sneakers_1N_TiltAntiAd_V1_AS_CTA10%Off,V1,Active Style 2,UK,Sneakers,Moderate,Approved,Anand,Approved,https://f.io/7isuRiyR
W29,2026-07-13,Zidni,Thu,2026-07-16,V_Sneakers_1N_TiltAntiAd_V2_AS_CTA10%Off,V2,Active Style 2,UK,Sneakers,Moderate,Approved,Anand,Approved,https://f.io/b2uhLKgI
W29,2026-07-13,Sharm,Thu,2026-07-16,V_Sneakers_1OP_RetailvsTilt_V2_AS_CTA10%Off,V2,Active Style 2,UK,Sneakers,Moderate,Approved,Anand,Approved,https://f.io/_J79t3jm
W29,2026-07-13,Sharm,Thu,2026-07-16,V_Sneakers_1OP_RetailvsTilt_V3_AS_CTA10%Off,V3,Active Style 2,UK,Sneakers,Moderate,Approved,Anand,Approved,https://f.io/McT7VJOO
W29,2026-07-13,Sharm,Thu,2026-07-16,V_Vintage_3N_ChasingHook_V1_KV_CTA10%Off,V1,Kameleon Vintage 2,UK,Vintage,Moderate,Approved,Cristian,Approved,https://f.io/UB_v3JfG
W29,2026-07-13,Sharm,Thu,2026-07-16,V_Vintage_3N_ChasingHook_V2_KV_CTA10%Off,V2,Kameleon Vintage 2,UK,Vintage,Moderate,Approved,Cristian,For Review,https://f.io/CzcP7fLn
W29,2026-07-13,Patty,Thu,2026-07-16,V_Sneakers_2OP_Top5_V3_AS_CTA10%Off,V3,Active Style 2,UK,Sneakers,Moderate,Approved,Anand,Approved,https://f.io/8YOcDA-k
W29,2026-07-13,Patty,Thu,2026-07-16,V_Sneakers_2OP_Top5_V4_AS_CTA10%Off,V4,Active Style 2,UK,Sneakers,Moderate,Approved,Anand,Approved,https://f.io/pDgCFYha
W29,2026-07-13,Patty,Thu,2026-07-16,V_Vintage_1N_ProductMissedOut_V1_KV_CTA10%Off,V1,Kameleon Vintage 2,UK,Vintage,Moderate,Approved,Cristian,Approved,https://f.io/Hf0XHh17
W29,2026-07-13,Patty,Thu,2026-07-16,V_Vintage_1N_ProductMissedOut_V2_KV_CTA10%Off,V2,Kameleon Vintage 2,UK,Vintage,Moderate,Approved,Cristian,Approved,https://f.io/EIxCbx4f
W29,2026-07-13,Zidni,Fri,2026-07-17,V_TCG_4N_CallingCustomers_V1_KC_CTA10%Off,V1,Kameleon Collectables (Organic),UK,TCG,Moderate,Approved,Hanyan,Approved,https://f.io/BfCCeB5P
W29,2026-07-13,Zidni,Fri,2026-07-17,V_TCG_4N_CallingCustomers_V2_KC_CTA10%Off,V2,Kameleon Collectables (Organic),UK,TCG,Moderate,Approved,Hanyan,Approved,https://f.io/D4OND1Ob
W29,2026-07-13,Zidni,Fri,2026-07-17,V_Vintage_5N_TransitionHook_V1_KV_CTA10%Off,V1,Kameleon Vintage 2,UK,Vintage,Moderate,Approved,Cristian,For Review,https://f.io/xAbUzmDL
W29,2026-07-13,Zidni,Fri,2026-07-17,V_Vintage_5N_TransitionHook_V2_KV_CTA10%Off,V2,Kameleon Vintage 2,UK,Vintage,Moderate,Approved,Cristian,For Review,https://f.io/WFZLAcQm
W29,2026-07-13,Sharm,Fri,2026-07-17,V_Vintage_2N_TrustedSeller_V1_KV_CTA10%Off,V1,Kameleon Vintage 2,UK,Vintage,Moderate,Approved,Cristian,For Review,https://f.io/LByk3JAx
W29,2026-07-13,Sharm,Fri,2026-07-17,V_Vintage_4N_TimeCrunch_V1_KV_CTA10%Off,V1,Kameleon Vintage 2,UK,Vintage,Moderate,Approved,Cristian,For Review,https://f.io/hYd8lqoc
W29,2026-07-13,Patty,Fri,2026-07-17,V_Luxury_1OP_LivestreamRoughCut_V10_YT,V10,Yorkshire Trainers Livestream,UK,Luxury,Moderate,Approved,Cristian,Draft,https://f.io/Nsix1Tqu
W29,2026-07-13,Patty,Fri,2026-07-17,V_Luxury_1OP_LivestreamRoughCut_V11_YT,V11,Yorkshire Trainers Livestream,UK,Luxury,Moderate,Approved,Cristian,Draft,https://f.io/zeFaJ-Ax
W29,2026-07-13,Patty,Fri,2026-07-17,V_Luxury_1OP_LivestreamRoughCut_V1_YT,V1,Yorkshire Trainers Livestream,UK,Luxury,Moderate,Approved,Cristian,,https://f.io/ReMeaap5
W29,2026-07-13,Patty,Fri,2026-07-17,V_Luxury_1OP_LivestreamRoughCut_V2_YT,V2,Yorkshire Trainers Livestream,UK,Luxury,Moderate,Approved,Cristian,Draft,https://f.io/NKlZlPR6
W29,2026-07-13,Patty,Fri,2026-07-17,V_Luxury_1OP_LivestreamRoughCut_V3_YT,V3,Yorkshire Trainers Livestream,UK,Luxury,Moderate,Approved,Cristian,Draft,https://f.io/Nuj2CdRD
W29,2026-07-13,Patty,Fri,2026-07-17,V_Luxury_1OP_LivestreamRoughCut_V4_YT,V4,Yorkshire Trainers Livestream,UK,Luxury,Moderate,Approved,Cristian,Draft,https://f.io/4LOVFMTe
W29,2026-07-13,Patty,Fri,2026-07-17,V_Luxury_1OP_LivestreamRoughCut_V5_YT,V5,Yorkshire Trainers Livestream,UK,Luxury,Moderate,Approved,Cristian,Draft,https://f.io/uPqBzslk
W29,2026-07-13,Patty,Fri,2026-07-17,V_Luxury_1OP_LivestreamRoughCut_V6_YT,V6,Yorkshire Trainers Livestream,UK,Luxury,Moderate,Approved,Cristian,Draft,https://f.io/A5LBeU1g
W29,2026-07-13,Patty,Fri,2026-07-17,V_Luxury_1OP_LivestreamRoughCut_V7_YT,V7,Yorkshire Trainers Livestream,UK,Luxury,Moderate,Approved,Cristian,Draft,https://f.io/1VOF5hrL
W29,2026-07-13,Patty,Fri,2026-07-17,V_Luxury_1OP_LivestreamRoughCut_V8_YT,V8,Yorkshire Trainers Livestream,UK,Luxury,Moderate,Approved,Cristian,Draft,https://f.io/ZL7cR6EF
W29,2026-07-13,Patty,Fri,2026-07-17,V_Luxury_1OP_LivestreamRoughCut_V9_YT,V9,Yorkshire Trainers Livestream,UK,Luxury,Moderate,Approved,Cristian,Draft,https://f.io/rH2zU9Y2
W30,2026-07-20,Zidni,Mon,2026-07-20,V_SneakersEvent_3N_EventsOverview_V1,V1,Wembley Pop Up,UK,Content Lead,Moderate,Approved,Millie,Cancelled,https://f.io/c8EZZBnI
W30,2026-07-20,Zidni,Mon,2026-07-20,V_SneakersEvent_3N_EventsOverview_V2,V2,Wembley Pop Up,UK,Content Lead,Moderate,Approved,Millie,Approved,https://f.io/cpqFjSKS
W30,2026-07-20,Sharm,Mon,2026-07-20,,,,,,,,,,
W30,2026-07-20,Patty,Mon,2026-07-20,V_Luxury_1OP_LivestreamRoughCut_V12_YT,V12,Yorkshire Trainers Livestream,UK,Luxury,Moderate,Approved,Cristian,Draft,https://f.io/OdtRZ0ZD
W30,2026-07-20,Patty,Mon,2026-07-20,V_Luxury_1OP_LivestreamRoughCut_V13_YT,V13,Yorkshire Trainers Livestream,UK,Luxury,Moderate,Approved,Cristian,Draft,https://f.io/UOlO_STA
W30,2026-07-20,Patty,Mon,2026-07-20,V_Luxury_1OP_LivestreamRoughCut_V14_YT,V14,Yorkshire Trainers Livestream,UK,Luxury,Moderate,Approved,Cristian,Draft,https://f.io/in_C4Et4
W30,2026-07-20,Patty,Mon,2026-07-20,V_Luxury_1OP_LivestreamRoughCut_V15_YT,V15,Yorkshire Trainers Livestream,UK,Luxury,Moderate,Approved,Cristian,Draft,https://f.io/Lpuyrbyr
W30,2026-07-20,Zidni,Tue,2026-07-21,V_TCG_4OP_SellerSpotlight_V1_KC_CTA10%Off,V1,Kameleon Collectables (Organic),UK,TCG,High,Approved,Hanyan,Cancelled,https://f.io/VL46_Chs
W30,2026-07-20,Sharm,Tue,2026-07-21,V_Luxury_2OP_LivestreamRoughCut_V1_YT,V1,Yorkshire Trainers Livestream,UK,Luxury,Moderate,Approved,Cristian,,https://f.io/YSwEC88N
W30,2026-07-20,Sharm,Tue,2026-07-21,V_Luxury_2OP_LivestreamRoughCut_V2_YT,V2,Yorkshire Trainers Livestream,UK,Luxury,Moderate,Approved,Cristian,,https://f.io/LjX6U5mo
W30,2026-07-20,Sharm,Tue,2026-07-21,V_Luxury_2OP_LivestreamRoughCut_V3_YT,V3,Yorkshire Trainers Livestream,UK,Luxury,Moderate,Approved,Cristian,,https://f.io/rdUnAVJA
W30,2026-07-20,Sharm,Tue,2026-07-21,V_Luxury_2OP_LivestreamRoughCut_V4_YT,V4,Yorkshire Trainers Livestream,UK,Luxury,Moderate,Approved,Cristian,,https://f.io/CQtxb_zi
W30,2026-07-20,Sharm,Tue,2026-07-21,V_Luxury_2OP_LivestreamRoughCut_V5_YT,V5,Yorkshire Trainers Livestream,UK,Luxury,Moderate,Approved,Cristian,,https://f.io/8fO4V4QG
W30,2026-07-20,Sharm,Tue,2026-07-21,V_Luxury_2OP_LivestreamRoughCut_V6_YT,V6,Yorkshire Trainers Livestream,UK,Luxury,Moderate,Approved,Cristian,,https://f.io/Ww4c7xQl
W30,2026-07-20,Sharm,Tue,2026-07-21,V_Sneakers_1OP_RetailvsTilt_V4_AS_CTA10%Off,V4,Active Style 2,UK,Sneakers,Moderate,Approved,Anand,Approved,https://f.io/nId4Ojcz
W30,2026-07-20,Patty,Tue,2026-07-21,V_Luxury_2OP_LivestreamRoughCut_V7_YT,V7,Yorkshire Trainers Livestream,UK,Luxury,Moderate,Approved,Cristian,Draft,https://f.io/I0HKxECy
W30,2026-07-20,Patty,Tue,2026-07-21,V_Luxury_2OP_LivestreamRoughCut_V8_YT,V8,Yorkshire Trainers Livestream,UK,Luxury,Moderate,Approved,Cristian,Draft,https://f.io/5AsLdsuv
W30,2026-07-20,Patty,Tue,2026-07-21,V_Luxury_2OP_LivestreamRoughCut_V9_YT,V9,Yorkshire Trainers Livestream,UK,Luxury,Moderate,Approved,Cristian,Draft,https://f.io/m_Yzadd9
W30,2026-07-20,Zidni,Wed,2026-07-22,V_Vintage_5N_TransitionHook_V3_KV_CTA10%Off,V3,Kameleon Vintage 2,UK,Vintage,Moderate,Approved,Cristian,For Review,https://f.io/cawy16Ih
W30,2026-07-20,Sharm,Wed,2026-07-22,,,,,,,,,,
W30,2026-07-20,Patty,Wed,2026-07-22,V_Y2K_1N_Unboxing_V1_Rivers_CTA10%Off,V1,Y2K UGC,UK,Y2K,Moderate,Approved,Rivers,Approved,https://f.io/dJo6ifYg
W30,2026-07-20,Patty,Wed,2026-07-22,V_Y2K_1N_Unboxing_V2_Rivers_CTA10%Off,V2,Y2K UGC,UK,Y2K,Moderate,Approved,Rivers,Approved,https://f.io/U6ZHB9yO
W30,2026-07-20,Patty,Wed,2026-07-22,V_Y2K_2N_TryOnHaul_V1_Rivers_CTA10%Off,V1,Y2K UGC,UK,Y2K,Moderate,Approved,Rivers,Approved,https://f.io/a-LFo6iN
W30,2026-07-20,Zidni,Thu,2026-07-23,V_Luxury_1OP_LivestreamRoughCut_P6000AnthraciteClayGreen_V1_RS,V1,Livestream Sneakers (RS Clips),UK,Sneakers,Moderate,Approved,Anand,,https://f.io/Dzschxfg
W30,2026-07-20,Zidni,Thu,2026-07-23,V_Luxury_1OP_LivestreamRoughCut_P6000CorduraFilbert_V1_RS,V1,Livestream Sneakers (RS Clips),UK,Sneakers,Moderate,Approved,Anand,,https://f.io/8JCzoimU
W30,2026-07-20,Zidni,Thu,2026-07-23,V_Luxury_1OP_LivestreamRoughCut_P6000CorduraMediumAsh_V1_RS,V1,Livestream Sneakers (RS Clips),UK,Sneakers,Moderate,Approved,Anand,,https://f.io/fx5nqMoN
W30,2026-07-20,Zidni,Thu,2026-07-23,V_Luxury_1OP_LivestreamRoughCut_P6000PhantomMinkBrown_V1_RS,V1,Livestream Sneakers (RS Clips),UK,Sneakers,Moderate,Approved,Anand,,https://f.io/BAqd5itD
W30,2026-07-20,Zidni,Thu,2026-07-23,V_Luxury_1OP_LivestreamRoughCut_P6000WornBlueDenim_V1_RS,V1,Livestream Sneakers (RS Clips),UK,Sneakers,Moderate,Approved,Anand,,https://f.io/xzm-H7ZW
W30,2026-07-20,Zidni,Thu,2026-07-23,V_Luxury_1OP_LivestreamRoughCut_P6000ZebraBlack_V1_RS,V1,Livestream Sneakers (RS Clips),UK,Sneakers,Moderate,Approved,Anand,,https://f.io/XgrU0OWJ
W30,2026-07-20,Sharm,Thu,2026-07-23,V_Luxury_1OP_LivestreamRoughCut_AM90W_V1_RS,V1,Livestream Sneakers (RS Clips),UK,Sneakers,Moderate,Approved,Anand,,https://f.io/-jjaQmuu
W30,2026-07-20,Sharm,Thu,2026-07-23,V_Luxury_1OP_LivestreamRoughCut_AirMax1Venom_V1_RS,V1,Livestream Sneakers (RS Clips),UK,Sneakers,Moderate,Approved,Anand,,https://f.io/4mO7hvMt
W30,2026-07-20,Sharm,Thu,2026-07-23,V_Luxury_1OP_LivestreamRoughCut_AirMaxGreySpeckle_V1_RS,V1,Livestream Sneakers (RS Clips),UK,Sneakers,Moderate,Approved,Anand,,https://f.io/XZ_Mt3AE
W30,2026-07-20,Sharm,Thu,2026-07-23,V_Luxury_1OP_LivestreamRoughCut_AirMax_V1_RS,V1,Livestream Sneakers (RS Clips),UK,Sneakers,Moderate,Approved,Anand,,https://f.io/8MBcrh8w
W30,2026-07-20,Sharm,Thu,2026-07-23,V_Luxury_1OP_LivestreamRoughCut_NikeReactElement_V1_RS,V1,Livestream Sneakers (RS Clips),UK,Sneakers,Moderate,Approved,Anand,,https://f.io/Uac7DcOH
W30,2026-07-20,Sharm,Thu,2026-07-23,V_Luxury_1OP_LivestreamRoughCut_Vapormax_V1_RS,V1,Livestream Sneakers (RS Clips),UK,Sneakers,Moderate,Approved,Anand,,https://f.io/MjhspNnh
W30,2026-07-20,Sharm,Thu,2026-07-23,V_Y2K_2N_TryOnHaul_V2_Rivers_CTA10%Off,V2,Y2K UGC,UK,Y2K,Moderate,Approved,Rivers,Approved,https://f.io/7rLw70Rp
W30,2026-07-20,Patty,Thu,2026-07-23,V_Luxury_1OP_LivestreamRoughCut_AirMaxDn8_V1_RS,V1,Livestream Sneakers (RS Clips),UK,Sneakers,Moderate,Approved,Anand,,https://f.io/7v6Uktu2
W30,2026-07-20,Patty,Thu,2026-07-23,V_Luxury_1OP_LivestreamRoughCut_AsicsGel1130_V1_RS,V1,Livestream Sneakers (RS Clips),UK,Sneakers,Moderate,Approved,Anand,,https://f.io/Ozrbq1d9
W30,2026-07-20,Patty,Thu,2026-07-23,V_Luxury_1OP_LivestreamRoughCut_NikeReact_V1_RS,V1,Livestream Sneakers (RS Clips),UK,Sneakers,Moderate,Approved,Anand,,https://f.io/6MLiBx_s
W30,2026-07-20,Patty,Thu,2026-07-23,V_Luxury_1OP_LivestreamRoughCut_P6000OffNoir_V1_RS,V1,Livestream Sneakers (RS Clips),UK,Sneakers,Moderate,Approved,Anand,,https://f.io/ktbKvGx5
W30,2026-07-20,Patty,Thu,2026-07-23,V_Luxury_1OP_LivestreamRoughCut_P6000SuedeAnthraciteBlack_V1_RS,V1,Livestream Sneakers (RS Clips),UK,Sneakers,Moderate,Approved,Anand,,https://f.io/6CCOFUi3
W30,2026-07-20,Patty,Thu,2026-07-23,V_Luxury_1OP_LivestreamRoughCut_VaporMaxPlus_V1_RS,V1,Livestream Sneakers (RS Clips),UK,Sneakers,Moderate,Approved,Anand,,https://f.io/p70iUo4D
W30,2026-07-20,Zidni,Fri,2026-07-24,V_Clearance_2N_VisualHooks_V1,V1,Clearance,UK,Clearance,Moderate,Approved,Anand,Approved,https://f.io/5ePs_bQ6
W30,2026-07-20,Zidni,Fri,2026-07-24,V_Clearance_2N_VisualHooks_V2,V2,Clearance,UK,Clearance,Moderate,Approved,Anand,Approved,https://f.io/MyKJp2as
W30,2026-07-20,Zidni,Fri,2026-07-24,V_Y2K_1OP_NoTalkingHaul_V1_Rivers_CTA10%Off,V1,Y2K UGC,UK,Y2K,Moderate,Approved,Rivers,Approved,https://f.io/pd3x-ytD
W30,2026-07-20,Zidni,Fri,2026-07-24,V_Y2K_1OP_NoTalkingHaul_V2_Rivers_CTA10%Off,V2,Y2K UGC,UK,Y2K,Moderate,Approved,Rivers,Approved,https://f.io/OHiQBucS
W30,2026-07-20,Zidni,Fri,2026-07-24,V_Y2K_1OP_NoTalkingHaul_V3_Rivers_CTA10%Off,V3,Y2K UGC,UK,Y2K,Moderate,Approved,Rivers,Approved,https://f.io/66A3P8Gy
W30,2026-07-20,Zidni,Fri,2026-07-24,V_Y2K_1OP_NoTalkingHaul_V4_Rivers_CTA10%Off,V4,Y2K UGC,UK,Y2K,Moderate,Approved,Rivers,Approved,https://f.io/0kwlS9F5
W30,2026-07-20,Sharm,Fri,2026-07-24,V_Clearance_1OP_RetailvsTilt_V1,V1,Clearance,UK,Clearance,Moderate,Approved,Anand,Approved,https://f.io/4DiA_gIv
W30,2026-07-20,Sharm,Fri,2026-07-24,V_Clearance_1OP_RetailvsTilt_V2,V2,Clearance,UK,Clearance,Moderate,Approved,Anand,Approved,https://f.io/vnfgww3C
W30,2026-07-20,Sharm,Fri,2026-07-24,V_Clearance_1OP_RetailvsTilt_V3,V3,Clearance,UK,Clearance,Moderate,Approved,Anand,Approved,https://f.io/D97ekQsG
W30,2026-07-20,Patty,Fri,2026-07-24,V_Clearance_1N_YouWon'tBelieve_V1,V1,Clearance,UK,Clearance,Moderate,Approved,Anand,Approved,https://f.io/T6tWmK28
W30,2026-07-20,Patty,Fri,2026-07-24,V_SneakersEvent_2N_VoxPopsChallenge_V1,V1,Wembley Pop Up,UK,Content Lead,Moderate,Approved,Millie,Approved,https://f.io/QNZ4bFBy
W31,2026-07-27,Zidni,Mon,2026-07-27,,,,,,,,,,
W31,2026-07-27,Sharm,Mon,2026-07-27,,,,,,,,,,
W31,2026-07-27,Patty,Mon,2026-07-27,V_Sneakers_1OP_LivestreamAsicsGel1130_AuctionBannerOnly_AuctionBannerOnly_Hook£1SuddenDeath_V1_RS_CTA10%Off,V1,Sneakers Livestream 2,UK,Sneakers,Moderate,Approved,Anand,Cancelled,https://f.io/-LFxZ6KH
W31,2026-07-27,Zidni,Tue,2026-07-28,Tccblackbird - Sport Cards,V1,July - 2026,IT,All,Moderate,Approved,,,https://f.io/yJxGrZTP
W31,2026-07-27,Zidni,Tue,2026-07-28,Topgames - TCG,V1,July - 2026,IT,All,Moderate,Approved,,,https://f.io/ZzhFNMZi
W31,2026-07-27,Sharm,Tue,2026-07-28,V_Sneakers_1OP_LivestreamNikeAirMax_AuctionBannerOnly_HookRagebait_V1_RS_CTA10%Off,V1,Sneakers Livestream 2,UK,Sneakers,Moderate,Approved,Anand,Cancelled,https://f.io/lzPSvV6H
W31,2026-07-27,Patty,Tue,2026-07-28,,,,,,,,,,
W31,2026-07-27,Zidni,Wed,2026-07-29,V_MixedDeals_1OP_TiltvsRetail_V3_CTA10%Off,V3,Clearance 2,UK,Clearance,Moderate,Approved,Anand,Approved,https://f.io/1T46Mgzu
W31,2026-07-27,Zidni,Wed,2026-07-29,V_MixedDeals_2OP_OnePersonsOrder_V1_CTA10%Off,V1,Clearance 2,UK,Clearance,Moderate,Approved,Anand,Approved,https://f.io/pPhx9yg4
W31,2026-07-27,Zidni,Wed,2026-07-29,V_MixedDeals_2OP_OnePersonsOrder_V2_CTA10%Off,V2,Clearance 2,UK,Clearance,Moderate,Approved,Anand,Approved,https://f.io/-iFdmtYf
W31,2026-07-27,Zidni,Wed,2026-07-29,V_MixedDeals_2OP_OnePersonsOrder_V3_CTA10%Off,V3,Clearance 2,UK,Clearance,Moderate,Approved,Anand,Approved,https://f.io/8-1NBejc
W31,2026-07-27,Sharm,Wed,2026-07-29,V_MixedDeals_1N_YouWon'tBelieve_V1_CTA10%Off,V1,Clearance 2,UK,Clearance,Moderate,Approved,Anand,Approved,https://f.io/cNLGs4sL
W31,2026-07-27,Sharm,Wed,2026-07-29,V_MixedDeals_1N_YouWon'tBelieve_V2_CTA10%Off,V2,Clearance 2,UK,Clearance,Moderate,Approved,Anand,Approved,https://f.io/zjbXmEFE
W31,2026-07-27,Patty,Wed,2026-07-29,V_MixedDeals_1OP_TiltvsRetail_V1_CTA10%Off,V1,Clearance 2,UK,Clearance,Moderate,Approved,Anand,Approved,https://f.io/CfOML7GN
W31,2026-07-27,Patty,Wed,2026-07-29,V_MixedDeals_1OP_TiltvsRetail_V2_CTA10%Off,V2,Clearance 2,UK,Clearance,Moderate,Approved,Anand,Approved,https://f.io/i-dDnRuQ
W31,2026-07-27,Patty,Wed,2026-07-29,V_MixedDeals_2N_VirtualShopping_V2_CTA10%Off,V2,Clearance 2,UK,Clearance,Moderate,Approved,Anand,Approved,https://f.io/ObFwCtpB
W31,2026-07-27,Zidni,Thu,2026-07-30,Luxury_5N_Storytime_V2_IllNeverSpend_ZPZ,V2,Zero Point Zero,UK,Luxury,Low,Approved,Cristian,Approved,https://f.io/S-7ck4Ag
W31,2026-07-27,Zidni,Thu,2026-07-30,V_Streetwear_1OP_BudgetChallenge_V1_AS_CTA10%Off,V1,After Stock 3,UK,Streetwear,Moderate,Approved,Cristian,For Review,https://f.io/Th5Du5c1
W31,2026-07-27,Zidni,Thu,2026-07-30,V_Streetwear_1OP_BudgetChallenge_V2_AS_CTA10%Off,V2,After Stock 3,UK,Streetwear,Moderate,Approved,Cristian,For Review,https://f.io/ThkuYH6O
W31,2026-07-27,Zidni,Thu,2026-07-30,V_Streetwear_2OP_IfYouLike_V1_AS_CTA10%Off,V1,After Stock 3,UK,Streetwear,Moderate,Approved,Cristian,For Review,https://f.io/RAboY3fd
W31,2026-07-27,Zidni,Thu,2026-07-30,V_Streetwear_2OP_IfYouLike_V2_AS_CTA10%Off,V2,After Stock 3,UK,Streetwear,Moderate,Approved,Cristian,For Review,https://f.io/TZ5ctQ5a
W31,2026-07-27,Sharm,Thu,2026-07-30,Luxury_1N_ProductShowcase_V2_£1NR,V2,Zero Point Zero,UK,Luxury,Low,Approved,Cristian,Approved,https://f.io/16h53cHa
W31,2026-07-27,Sharm,Thu,2026-07-30,Luxury_1OP_Unboxing_V5_ZPZ,V5,Zero Point Zero,UK,Luxury,Low,Approved,Cristian,Cancelled,https://f.io/Spi2X9AV
W31,2026-07-27,Sharm,Thu,2026-07-30,Luxury_4N_HateUs_V1_DontWannaSeeUs_ZPZ,V1,Zero Point Zero,UK,Luxury,Low,Approved,Cristian,Approved,https://f.io/2MzSOEUI
W31,2026-07-27,Sharm,Thu,2026-07-30,Luxury_4N_HateUs_V2_OutletNightmare_ZPZ,V2,Zero Point Zero,UK,Luxury,Low,Approved,Cristian,Approved,https://f.io/CK-FR2QJ
W31,2026-07-27,Sharm,Thu,2026-07-30,V_MixedDeals_2N_VirtualShopping_V1_CTA10%Off,V1,Clearance 2,UK,Clearance,Moderate,Approved,Anand,Approved,https://f.io/zpnj2p_j
W31,2026-07-27,Sharm,Thu,2026-07-30,V_Streetwear_1N_ProblemResolutionHook_V1_AS_CTA10%Off,V1,After Stock 3,UK,Streetwear,Moderate,Approved,Cristian,For Review,https://f.io/WZ4r9eAu
W31,2026-07-27,Sharm,Thu,2026-07-30,V_Streetwear_1N_ProblemResolutionHook_V2_AS_CTA10%Off,V2,After Stock 3,UK,Streetwear,Moderate,Approved,Cristian,For Review,https://f.io/0cGYiWN1
W31,2026-07-27,Sharm,Thu,2026-07-30,V_Streetwear_2N_ComfortingCorrections_V1_AS_CTA10%Off,V1,After Stock 3,UK,Streetwear,Moderate,Approved,Cristian,For Review,https://f.io/G3UBIM7f
W31,2026-07-27,Patty,Thu,2026-07-30,Luxury_1OP_Unboxing_V1_ZPZ,V1,Zero Point Zero,UK,Luxury,Low,Approved,Cristian,Cancelled,https://f.io/n9zNpmWe
W31,2026-07-27,Patty,Thu,2026-07-30,Luxury_1OP_Unboxing_V2_ZPZ,V2,Zero Point Zero,UK,Luxury,Low,Approved,Cristian,Approved,https://f.io/v0x2WyvP
W31,2026-07-27,Patty,Thu,2026-07-30,Luxury_1OP_Unboxing_V3_ZPZ,V3,Zero Point Zero,UK,Luxury,Low,Approved,Cristian,Cancelled,https://f.io/6b0eorlr
W31,2026-07-27,Patty,Thu,2026-07-30,Luxury_2N_TiltPickUp_V2_£1_ZPZ,V2,Zero Point Zero,UK,Luxury,Low,Approved,Cristian,Approved,https://f.io/imvwHD-4
W31,2026-07-27,Patty,Thu,2026-07-30,Luxury_3N_TiltInterview_V1_Prada_ZPZ,V1,Zero Point Zero,UK,Luxury,Low,Approved,Cristian,Approved,https://f.io/SiAEbfdC
W31,2026-07-27,Patty,Thu,2026-07-30,Luxury_3N_TiltInterview_V2_BestSecondhand_ZPZ,V2,Zero Point Zero,UK,Luxury,Low,Approved,Cristian,Approved,https://f.io/Y-_P63eE
W31,2026-07-27,Patty,Thu,2026-07-30,Luxury_5N_Storytime_V1_JacketInTheBin_ZPZ,V1,Zero Point Zero,UK,Luxury,Low,Approved,Cristian,Approved,https://f.io/MMU7a7f3
W31,2026-07-27,Patty,Thu,2026-07-30,V_MixedDeals_1OP_TiltvsRetail_V4_CTA10%Off,V4,Clearance 2,UK,Clearance,Moderate,Approved,Anand,Approved,https://f.io/2VnJvsVT
W31,2026-07-27,Patty,Thu,2026-07-30,V_Streetwear_2N_ComfortingCorrections_V2_AS_CTA10%Off,V2,After Stock 3,UK,Streetwear,Moderate,Approved,Cristian,For Review,https://f.io/fW4XF4RX
W31,2026-07-27,Zidni,Fri,2026-07-31,V_Sneakers_1OP_LivestreamNikeAirVaporMaxPlusWolfGrey_AuctionBannerOnly_Hook£1SuddenDeath_V1_RS_CTA10%Off,V1,Sneakers Livestream 2,UK,Sneakers,Moderate,Approved,Anand,,https://f.io/4mygGmnH
W31,2026-07-27,Zidni,Fri,2026-07-31,V_Sneakers_1OP_LivestreamNikeP6000CorduraPhilbert_AuctionBannerOnly_£1SuddenDeath_V1_RS_CTA10%Off,V1,Sneakers Livestream 2,UK,Sneakers,Moderate,Approved,Anand,,https://f.io/EIRMOMh2
W31,2026-07-27,Zidni,Fri,2026-07-31,V_Sneakers_1OP_LivestreamNikeP6000PhantomMinkBrown_AuctionBannerOnly_Hook£1SuddenDeath_V1_RS_CTA10%Off,V1,Sneakers Livestream 2,UK,Sneakers,Moderate,Approved,Anand,,https://f.io/WwdCeQwA
W31,2026-07-27,Zidni,Fri,2026-07-31,V_Sneakers_1OP_LivestreamNikeP6000WornBlueDenim_AuctionBannerOnly_Hook£1SuddenDeath_V1_RS_CTA10%Off,V1,Sneakers Livestream 2,UK,Sneakers,Moderate,Approved,Anand,,https://f.io/hCw-T0bn
W31,2026-07-27,Zidni,Fri,2026-07-31,V_Sneakers_1OP_LivestreamP6000AnthraciteClayGreen_AuctionBannerOnlyHook_£1SuddenDeath_V1_RS_CTA10%Off,V1,Sneakers Livestream 2,UK,Sneakers,Moderate,Approved,Anand,,https://f.io/a4TBMex9
W31,2026-07-27,Sharm,Fri,2026-07-31,V_Sneakers_1OP_LivestreamNikeAirMax95BigBubbleGrey_AuctionBannerOnly_Hook£1SuddenDeath_V1_RS_CTA10%Off,V1,Sneakers Livestream 2,UK,Sneakers,Moderate,Approved,Anand,,https://f.io/nVg8WruX
W31,2026-07-27,Sharm,Fri,2026-07-31,V_Sneakers_1OP_LivestreamNikeAirMax95BigBubblePinkFoam_AuctionBannerOnly_Hook£1SuddenDeath_V1_RS_CTA10%Off,V1,Sneakers Livestream 2,UK,Sneakers,Moderate,Approved,Anand,,https://f.io/eQI6o0Yl
W31,2026-07-27,Sharm,Fri,2026-07-31,V_Sneakers_1OP_LivestreamNikeHyperWhite_AuctionBannerOnly_Hook£1SuddenDeath_V1_RS_CTA10%Off,V1,Sneakers Livestream 2,UK,Sneakers,Moderate,Approved,Anand,,https://f.io/A8pr9DWt
W31,2026-07-27,Sharm,Fri,2026-07-31,V_Sneakers_1OP_LivestreamNikeReactElement55_AuctionBannerOnly_Hook£1SuddenDeath_V1_RS_CTA10%OffV_Sneakers_1OP_LivestreamNikeReactElement55_AuctionBannerOnly_Hook£1SuddenDeath_V1_RS_CTA10%Off,V1,Sneakers Livestream 2,UK,Sneakers,Moderate,Approved,Anand,,https://f.io/BF3Hn_0Y
W31,2026-07-27,Patty,Fri,2026-07-31,Luxury_2N_TiltPickUp_V1_TiltPrices_ZPZ_1,V1,Zero Point Zero,UK,Luxury,Low,Approved,Cristian,Approved,https://f.io/Xmime-NM
W31,2026-07-27,Patty,Fri,2026-07-31,Luxury_2N_TiltPickUp_V2_TiltPrices_ZPZ_2,V2,Zero Point Zero,UK,Luxury,Low,Approved,Cristian,Approved,https://f.io/JODpo48l
W31,2026-07-27,Patty,Fri,2026-07-31,V_Sneakers_1OP_LivestreamNikeAirMax95QS_AuctionBannerOnly_Hook£1SuddenDeath_V1_RS_CTA10%Off,V1,Sneakers Livestream 2,UK,Sneakers,Moderate,Approved,Anand,,https://f.io/a2ALPdMq
W31,2026-07-27,Patty,Fri,2026-07-31,V_Sneakers_1OP_LivestreamNikeAirMaxPlusBlackPinkFoam_AuctionBannerOnly_Hook£1SuddenDeath_V1_RS_CTA10%Off,V1,Sneakers Livestream 2,UK,Sneakers,Moderate,Approved,Anand,Cancelled,https://f.io/f_5Q1hjV
W31,2026-07-27,Patty,Fri,2026-07-31,V_Sneakers_1OP_LivestreamP6000OffNoir_AuctionBannerOnly_Hook£1SuddenDeath_V1_RS_CTA10%Off,V1,Sneakers Livestream 2,UK,Sneakers,Moderate,Approved,Anand,,https://f.io/eVNnOO8r
W31,2026-07-27,Patty,Fri,2026-07-31,V_Sneakers_1OP_LivestreamP6000SuedeAnthracite_AuctionBannerOnly_Hook£1SuddenDeath_V1_RS_CTA10%Off,V1,Sneakers Livestream 2,UK,Sneakers,Moderate,Approved,Anand,,https://f.io/QqEeN43T
W32,2026-08-03,Zidni,Mon,2026-08-03,V_StoneIsland_ShopableClips_V10_Zidni_GL,V10,Shopable Product Clips,UK,Content Lead,Moderate,Approved,Millie,Approved,https://f.io/obj5cEbb
W32,2026-08-03,Zidni,Mon,2026-08-03,V_StoneIsland_ShopableClips_V11_Zidni_GL,V11,Shopable Product Clips,UK,Content Lead,Moderate,Approved,Millie,Approved,https://f.io/iYhN2WgT
W32,2026-08-03,Zidni,Mon,2026-08-03,V_StoneIsland_ShopableClips_V12_Zidni_GL,V12,Shopable Product Clips,UK,Content Lead,Moderate,Approved,Millie,Approved,https://f.io/vyQYW_W9
W32,2026-08-03,Zidni,Mon,2026-08-03,V_StoneIsland_ShopableClips_V13_Zidni_GL,V13,Shopable Product Clips,UK,Content Lead,Moderate,Approved,Millie,Approved,https://f.io/0fCMoqdZ
W32,2026-08-03,Zidni,Mon,2026-08-03,V_StoneIsland_ShopableClips_V14_Zidni_GL,V14,Shopable Product Clips,UK,Content Lead,Moderate,Approved,Millie,Approved,https://f.io/C3T2NpzV
W32,2026-08-03,Zidni,Mon,2026-08-03,V_StoneIsland_ShopableClips_V1_Zidni_GL,V1,Shopable Product Clips,UK,Content Lead,Moderate,Approved,Millie,Approved,https://f.io/z3o7NCfZ
W32,2026-08-03,Zidni,Mon,2026-08-03,V_StoneIsland_ShopableClips_V2_Zidni_GL,V2,Shopable Product Clips,UK,Content Lead,Moderate,Approved,Millie,Approved,https://f.io/v5xTNLrN
W32,2026-08-03,Zidni,Mon,2026-08-03,V_StoneIsland_ShopableClips_V3_Zidni_GL,V3,Shopable Product Clips,UK,Content Lead,Moderate,Approved,Millie,Approved,https://f.io/h_cJ3OpA
W32,2026-08-03,Zidni,Mon,2026-08-03,V_StoneIsland_ShopableClips_V4_Zidni_GL,V4,Shopable Product Clips,UK,Content Lead,Moderate,Approved,Millie,Approved,https://f.io/JJbnlAWk
W32,2026-08-03,Zidni,Mon,2026-08-03,V_StoneIsland_ShopableClips_V5_Zidni_GL,V5,Shopable Product Clips,UK,Content Lead,Moderate,Approved,Millie,Approved,https://f.io/JSROf8ul
W32,2026-08-03,Zidni,Mon,2026-08-03,V_StoneIsland_ShopableClips_V6_Zidni_GL,V6,Shopable Product Clips,UK,Content Lead,Moderate,Approved,Millie,Approved,https://f.io/QrsBehGU
W32,2026-08-03,Zidni,Mon,2026-08-03,V_StoneIsland_ShopableClips_V7_Zidni_GL,V7,Shopable Product Clips,UK,Content Lead,Moderate,Approved,Millie,Approved,https://f.io/13FTFedT
W32,2026-08-03,Zidni,Mon,2026-08-03,V_StoneIsland_ShopableClips_V8_Zidni_GL,V8,Shopable Product Clips,UK,Content Lead,Moderate,Approved,Millie,Approved,https://f.io/bpLSrCiw
W32,2026-08-03,Zidni,Mon,2026-08-03,V_StoneIsland_ShopableClips_V9_Zidni_GL,V9,Shopable Product Clips,UK,Content Lead,Moderate,Approved,Millie,Approved,https://f.io/uy6NbXFq
W32,2026-08-03,Sharm,Mon,2026-08-03,V_Sneakers_1OP_LivestreamNikeAirMax95EssentialDesertSand_AuctionBannerOnly_Hook£1SuddenDeath_V1_RS_CTA10%Off,V1,Sneakers Livestream 2,UK,Sneakers,Moderate,Approved,Anand,,https://f.io/FPAXnmuu
W32,2026-08-03,Sharm,Mon,2026-08-03,V_StoneIsland_ShopableClips_V10_Sharm_GL,V10,Shopable Product Clips,UK,Content Lead,Moderate,Approved,Millie,Approved,https://f.io/YDBAmVeE
W32,2026-08-03,Sharm,Mon,2026-08-03,V_StoneIsland_ShopableClips_V11_Sharm_GL,V11,Shopable Product Clips,UK,Content Lead,Moderate,Approved,Millie,Approved,https://f.io/gg_dpnf8
W32,2026-08-03,Sharm,Mon,2026-08-03,V_StoneIsland_ShopableClips_V12_Sharm_GL,V12,Shopable Product Clips,UK,Content Lead,Moderate,Approved,Millie,Approved,https://f.io/TJF9UHfR
W32,2026-08-03,Sharm,Mon,2026-08-03,V_StoneIsland_ShopableClips_V13_Sharm_GL,V13,Shopable Product Clips,UK,Content Lead,Moderate,Approved,Millie,Approved,https://f.io/eksGNB1t
W32,2026-08-03,Sharm,Mon,2026-08-03,V_StoneIsland_ShopableClips_V1_Sharm_GL,V1,Shopable Product Clips,UK,Content Lead,Moderate,Approved,Millie,Approved,https://f.io/I8dHw15b
W32,2026-08-03,Sharm,Mon,2026-08-03,V_StoneIsland_ShopableClips_V2_Sharm_GL,V2,Shopable Product Clips,UK,Content Lead,Moderate,Approved,Millie,Approved,https://f.io/RVbdJONy
W32,2026-08-03,Sharm,Mon,2026-08-03,V_StoneIsland_ShopableClips_V3_Sharm_GL,V3,Shopable Product Clips,UK,Content Lead,Moderate,Approved,Millie,Approved,https://f.io/V7wDA3Jd
W32,2026-08-03,Sharm,Mon,2026-08-03,V_StoneIsland_ShopableClips_V4_Sharm_GL,V4,Shopable Product Clips,UK,Content Lead,Moderate,Approved,Millie,Approved,https://f.io/YFrp1Tsx
W32,2026-08-03,Sharm,Mon,2026-08-03,V_StoneIsland_ShopableClips_V5_Sharm_GL,V5,Shopable Product Clips,UK,Content Lead,Moderate,Approved,Millie,Approved,https://f.io/aEqKh0jz
W32,2026-08-03,Sharm,Mon,2026-08-03,V_StoneIsland_ShopableClips_V6_Sharm_GL,V6,Shopable Product Clips,UK,Content Lead,Moderate,Approved,Millie,Approved,https://f.io/Ahs3j_Lf
W32,2026-08-03,Sharm,Mon,2026-08-03,V_StoneIsland_ShopableClips_V7_Sharm_GL,V7,Shopable Product Clips,UK,Content Lead,Moderate,Approved,Millie,Approved,https://f.io/KA2P4Ho4
W32,2026-08-03,Sharm,Mon,2026-08-03,V_StoneIsland_ShopableClips_V8_Sharm_GL,V8,Shopable Product Clips,UK,Content Lead,Moderate,Approved,Millie,Approved,https://f.io/-uPKcIs3
W32,2026-08-03,Sharm,Mon,2026-08-03,V_StoneIsland_ShopableClips_V9_Sharm_GL,V9,Shopable Product Clips,UK,Content Lead,Moderate,Approved,Millie,Approved,https://f.io/k013M545
W32,2026-08-03,Patty,Mon,2026-08-03,V_Sneakers_1OP_LivestreamNikeAirMaxPlusCrimson_AuctionBannerOnly_Hook£1SuddenDeath_V1_RS_CTA10%Off,V1,Sneakers Livestream 2,UK,Sneakers,Moderate,Approved,Anand,,https://f.io/KOIobS1h
W32,2026-08-03,Patty,Mon,2026-08-03,V_StoneIsland_ShopableClips_V10_Patty_GL,V10,Shopable Product Clips,UK,Content Lead,Moderate,Approved,Millie,Approved,https://f.io/NY_NppEp
W32,2026-08-03,Patty,Mon,2026-08-03,V_StoneIsland_ShopableClips_V11_Patty_GL,V11,Shopable Product Clips,UK,Content Lead,Moderate,Approved,Millie,Approved,https://f.io/Bc1ayffG
W32,2026-08-03,Patty,Mon,2026-08-03,V_StoneIsland_ShopableClips_V12_Patty_GL,V12,Shopable Product Clips,UK,Content Lead,Moderate,Approved,Millie,Approved,https://f.io/vDlFKiZR
W32,2026-08-03,Patty,Mon,2026-08-03,V_StoneIsland_ShopableClips_V13_Patty_GL,V13,Shopable Product Clips,UK,Content Lead,Moderate,Approved,Millie,Approved,https://f.io/xZccA0Tf
W32,2026-08-03,Patty,Mon,2026-08-03,V_StoneIsland_ShopableClips_V14_Patty_GL,V14,Shopable Product Clips,UK,Content Lead,Moderate,Approved,Millie,Approved,https://f.io/g3p1WptH
W32,2026-08-03,Patty,Mon,2026-08-03,V_StoneIsland_ShopableClips_V1_Patty_GL,V1,Shopable Product Clips,UK,Content Lead,Moderate,Approved,Millie,Approved,https://f.io/hJR0O4Ey
W32,2026-08-03,Patty,Mon,2026-08-03,V_StoneIsland_ShopableClips_V2_Patty_GL,V2,Shopable Product Clips,UK,Content Lead,Moderate,Approved,Millie,Approved,https://f.io/-8fU2RQx
W32,2026-08-03,Patty,Mon,2026-08-03,V_StoneIsland_ShopableClips_V3_Patty_GL,V3,Shopable Product Clips,UK,Content Lead,Moderate,Approved,Millie,Approved,https://f.io/7gN75RlB
W32,2026-08-03,Patty,Mon,2026-08-03,V_StoneIsland_ShopableClips_V4_Patty_GL,V4,Shopable Product Clips,UK,Content Lead,Moderate,Approved,Millie,Approved,https://f.io/DwWgSpKO
W32,2026-08-03,Patty,Mon,2026-08-03,V_StoneIsland_ShopableClips_V5_Patty_GL,V5,Shopable Product Clips,UK,Content Lead,Moderate,Approved,Millie,Approved,https://f.io/7ViYQZc7
W32,2026-08-03,Patty,Mon,2026-08-03,V_StoneIsland_ShopableClips_V6_Patty_GL,V6,Shopable Product Clips,UK,Content Lead,Moderate,Approved,Millie,Approved,https://f.io/bHrLfphF
W32,2026-08-03,Patty,Mon,2026-08-03,V_StoneIsland_ShopableClips_V7_Patty_GL,V7,Shopable Product Clips,UK,Content Lead,Moderate,Approved,Millie,Approved,https://f.io/jB_RcMwA
W32,2026-08-03,Patty,Mon,2026-08-03,V_StoneIsland_ShopableClips_V8_Patty_GL,V8,Shopable Product Clips,UK,Content Lead,Moderate,Approved,Millie,Approved,https://f.io/j1WKzp3U
W32,2026-08-03,Patty,Mon,2026-08-03,V_StoneIsland_ShopableClips_V9_Patty_GL,V9,Shopable Product Clips,UK,Content Lead,Moderate,Approved,Millie,Approved,https://f.io/u6l7foTa
W32,2026-08-03,Zidni,Tue,2026-08-04,Flashbacks,V1,Aug 2026,ES,All,Moderate,Approved,,,https://f.io/NRWYdUMX
W32,2026-08-03,Zidni,Tue,2026-08-04,Inbound TCG (IT),V1,Aug 2026,ES,All,Moderate,Approved,,,https://f.io/IcTWf2D8
W32,2026-08-03,Sharm,Tue,2026-08-04,,,,,,,,,,
W32,2026-08-03,Patty,Tue,2026-08-04,,,,,,,,,,
W32,2026-08-03,Zidni,Wed,2026-08-05,V_TCG_1OP_BudgetChallenge_V1_KC_CTA10%Off,V1,TCG Re-Edits,UK,TCG,Moderate,Approved,Hanyan,Approved,https://f.io/tVVBnUbV
W32,2026-08-03,Zidni,Wed,2026-08-05,V_TCG_1OP_IfYouWant_V1_KC_CTA10%Off,V1,TCG Re-Edits,UK,TCG,Moderate,Approved,Hanyan,Approved,https://f.io/qJLQ18aT
W32,2026-08-03,Sharm,Wed,2026-08-05,V_StoneIsland_ShopableClips_V14_Sharm_GL,V14,Shopable Product Clips,UK,Content Lead,Moderate,Approved,Millie,Approved,https://f.io/RgV8KPt3
W32,2026-08-03,Sharm,Wed,2026-08-05,V_StoneIsland_ShopableClips_V15_Sharm_GL,V15,Shopable Product Clips,UK,Content Lead,Moderate,Approved,Millie,Approved,https://f.io/7_BRKlsa
W32,2026-08-03,Sharm,Wed,2026-08-05,V_StoneIsland_ShopableClips_V16_Sharm_GL,V16,Shopable Product Clips,UK,Content Lead,Moderate,Approved,Millie,Approved,https://f.io/ppCzzzk8
W32,2026-08-03,Sharm,Wed,2026-08-05,V_StoneIsland_ShopableClips_V17_Sharm_GL,V17,Shopable Product Clips,UK,Content Lead,Moderate,Approved,Millie,Approved,https://f.io/v5vtvewV
W32,2026-08-03,Sharm,Wed,2026-08-05,V_StoneIsland_ShopableClips_V18_Sharm_GL,V18,Shopable Product Clips,UK,Content Lead,Moderate,Approved,Millie,Approved,https://f.io/rPT6-f8F
W32,2026-08-03,Sharm,Wed,2026-08-05,V_StoneIsland_ShopableClips_V19_Sharm_GL,V19,Shopable Product Clips,UK,Content Lead,Moderate,Approved,Millie,Approved,https://f.io/S1nRun9n
W32,2026-08-03,Sharm,Wed,2026-08-05,V_StoneIsland_ShopableClips_V20_Sharm_GL,V20,Shopable Product Clips,UK,Content Lead,Moderate,Approved,Millie,Approved,https://f.io/oB_fAX_w
W32,2026-08-03,Sharm,Wed,2026-08-05,V_StoneIsland_ShopableClips_V21_Patty_GL,V21,Shopable Product Clips,UK,Content Lead,Moderate,Approved,Millie,Approved,https://f.io/SEA0kdOb
W32,2026-08-03,Sharm,Wed,2026-08-05,V_StoneIsland_ShopableClips_V22_Patty_GL,V22,Shopable Product Clips,UK,Content Lead,Moderate,Approved,Millie,Approved,https://f.io/Ifxi-mLD
W32,2026-08-03,Sharm,Wed,2026-08-05,V_Streetwear_2N_Sellers_V1_CTA10%Off,V1,Balling,UK,Streetwear,Moderate,Approved,Cristian,For Review,https://f.io/IVs8dNL1
W32,2026-08-03,Sharm,Wed,2026-08-05,V_Streetwear_2N_Sellers_V2_CTA10%Off,V2,Balling,UK,Streetwear,Moderate,Approved,Cristian,For Review,https://f.io/geRi1bYx
W32,2026-08-03,Patty,Wed,2026-08-05,,,,,,,,,,
W32,2026-08-03,Zidni,Thu,2026-08-06,,,,,,,,,,
W32,2026-08-03,Sharm,Thu,2026-08-06,,,,,,,,,,
W32,2026-08-03,Patty,Thu,2026-08-06,,,,,,,,,,
W32,2026-08-03,Zidni,Fri,2026-08-07,Luxury_1OP_Unboxing_V4_ZPZ,V4,Zero Point Zero,UK,Luxury,Low,Approved,Cristian,Approved,https://f.io/Am7qMwNo
W32,2026-08-03,Zidni,Fri,2026-08-07,V_TCG_1OP_MoonbreonLivestream_V1_PokeTCG_CTA10%Off,V1,TCG Moonbreon Pull,UK,TCG,Moderate,Approved,Hanyan,Approved,https://f.io/MnkXiZXM
W32,2026-08-03,Zidni,Fri,2026-08-07,V_TCG_1OP_MoonbreonLivestream_V2_PokeTCG_CTA10%Off,V2,TCG Moonbreon Pull,UK,TCG,Moderate,Approved,Hanyan,Approved,https://f.io/Ix7Pmvpj
W32,2026-08-03,Sharm,Fri,2026-08-07,,,,,,,,,,
W32,2026-08-03,Patty,Fri,2026-08-07,,,,,,,,,,
W33,2026-08-10,Zidni,Mon,2026-08-10,V_Sneakers_1OP_FakeLivestream_P6000Anthracite_V1_RS_CTA10%Off,V1,RS Streetwear 3,UK,Sneakers,Moderate,Approved,Anand,Approved,https://f.io/xinlE5xB
W33,2026-08-10,Zidni,Mon,2026-08-10,V_Sneakers_1OP_FakeLivestream_P6000GreyMetallic_V2_RS_CTA10%Off,V2,RS Streetwear 3,UK,Sneakers,Moderate,Approved,Anand,Approved,https://f.io/_RDLyjhJ
W33,2026-08-10,Zidni,Mon,2026-08-10,V_Sneakers_1OP_LivestreamJordanPhantomSession_AuctionBannerOnly_HookProductName£1Auction_V2_VS_CTA10%Off,V2,Livestream Sneakers (Clips),UK,Sneakers,Moderate,Approved,Anand,Approved,https://f.io/KCEl9X4q
W33,2026-08-10,Zidni,Mon,2026-08-10,V_Sneakers_1OP_LivestreamJordanPhantomSession_AuctionBannerOnly_Hook£1SuddenDeath_V1_VS_CTA10%Off,V1,Livestream Sneakers (Clips),UK,Sneakers,Moderate,Approved,Anand,Approved,https://f.io/85EFOYqi
W33,2026-08-10,Zidni,Mon,2026-08-10,V_Sneakers_1OP_LivestreamNikeDownshifter_AuctionBannerOnly_Hook£1SuddenDeath_V1_VS_CTA10%Off,V1,Livestream Sneakers (Clips),UK,Sneakers,Moderate,Approved,Anand,Approved,https://f.io/qnHAk50x
W33,2026-08-10,Zidni,Mon,2026-08-10,V_Sneakers_1OP_LivestreamNikeDownshifter_Ragebait_AuctionBannerOnly_HookProductName£1Auction_V2_VS_CTA10%Off,V2,Livestream Sneakers (Clips),UK,Sneakers,Moderate,Approved,Anand,Approved,https://f.io/lg0F4HSq
W33,2026-08-10,Sharm,Mon,2026-08-10,V_Luxury_1OP_LivestreamChanelPouch_V1_PJP_CTA10%Off,V1,Livestream Luxury (Clips),UK,Luxury,Moderate,Approved,Cristian,Approved,https://f.io/X3xUf68M
W33,2026-08-10,Sharm,Mon,2026-08-10,V_Sneakers_1OP_LivestreamAdidasGazelle_Ragebait_AuctionBannerOnly_HookProductName£1Auction_V3_VS_CTA10%Off,V3,Livestream Sneakers (Clips),UK,Sneakers,Moderate,Approved,Anand,Approved,https://f.io/5oLYDzEK
W33,2026-08-10,Sharm,Mon,2026-08-10,V_Sneakers_1OP_LivestreamNikeQuest_AuctionBannerOnly_Hook£1SuddenDeath_V1_VS_CTA10%Off,V1,Livestream Sneakers (Clips),UK,Sneakers,Moderate,Approved,Anand,Approved,https://f.io/4B88wgXX
W33,2026-08-10,Patty,Mon,2026-08-10,V_Luxury_1OP_LivestreamBurberryWashbag_V1_PJP_CTA10%Off,V1,Livestream Luxury (Clips),UK,Luxury,Moderate,Approved,Cristian,Approved,https://f.io/O9WQS6X1
W33,2026-08-10,Patty,Mon,2026-08-10,V_Sneakers_1OP_FakeLivestream_AsicsGel1130_V4_RS_CTA10%Off,V4,RS Streetwear 3,UK,Sneakers,Moderate,Approved,Anand,Approved,https://f.io/npnqRTxb
W33,2026-08-10,Patty,Mon,2026-08-10,V_Sneakers_1OP_FakeLivestream_P6000WhiteThunderBlue_V5_RS_CTA10%Off,V5,RS Streetwear 3,UK,Sneakers,Moderate,Approved,Anand,Approved,https://f.io/0pzrhCrQ
W33,2026-08-10,Patty,Mon,2026-08-10,V_Sneakers_1OP_FakeLivestream_P6000WornDenimBlue_V3_RS_CTA10%Off,V3,RS Streetwear 3,UK,Sneakers,Moderate,Approved,Anand,Approved,https://f.io/LQcvzfze
W33,2026-08-10,Patty,Mon,2026-08-10,V_Sneakers_1OP_LivestreamVansFilmore_AuctionBannerOnly_HookProductName£1Auction_V2_VS_CTA10%Off,V2,Livestream Sneakers (Clips),UK,Sneakers,Moderate,Approved,Anand,Approved,https://f.io/VN5zrF-q
W33,2026-08-10,Patty,Mon,2026-08-10,V_Sneakers_1OP_LivestreamVansFilmore_AuctionBannerOnly_Hook£1SuddenDeath_V1_VS_CTA10%Off,V1,Livestream Sneakers (Clips),UK,Sneakers,Moderate,Approved,Anand,Approved,https://f.io/0qNRvfqr
W33,2026-08-10,Patty,Mon,2026-08-10,V_Sneakers_1OP_LivestreamVansFilmore_Ragebait_AuctionBannerOnly_HookProductName£1Auction_V3_VS_CTA10%Off,V3,Livestream Sneakers (Clips),UK,Sneakers,Moderate,Approved,Anand,Approved,https://f.io/01k6SGKY
W33,2026-08-10,Zidni,Tue,2026-08-11,V_TCG_1OP_MoonbreonLivestream_V3_PokeTCG_CTA10%Off,V3,TCG Moonbreon Pull,UK,TCG,Moderate,Approved,Hanyan,Approved,https://f.io/G0Q8T75X
W33,2026-08-10,Sharm,Tue,2026-08-11,,,,,,,,,,
W33,2026-08-10,Patty,Tue,2026-08-11,,,,,,,,,,
W33,2026-08-10,Zidni,Wed,2026-08-12,V_Luxury_1OP_LivestreamNike95Supreme_AuctionBannerOnly_Hook£1SuddenDeath_V1_ZPZ_CTA10%Off,V1,Livestream Luxury (Clips),UK,Luxury,Moderate,Approved,Cristian,Approved,https://f.io/B3LqAsQF
W33,2026-08-10,Zidni,Wed,2026-08-12,V_Luxury_1OP_LivestreamNike95Supreme_AuctionBannerOnly_Hook£700NikexSupremeShoe_V2_ZPZ_CTA10%Off,V2,Livestream Luxury (Clips),UK,Luxury,Moderate,Approved,Cristian,Approved,https://f.io/-pZxTBcZ
W33,2026-08-10,Zidni,Wed,2026-08-12,V_Luxury_1OP_LivestreamPradaBagAuctionBannerOnly_V2_PJP_CTA10%Off,V2,Livestream Luxury (Clips),UK,Luxury,Moderate,Approved,Cristian,Approved,https://f.io/PtgCjHCO
W33,2026-08-10,Zidni,Wed,2026-08-12,V_Sneakers_1OP_LivestreamNikeJuniper_AuctionBannerOnly_Hook£1SuddenDeath_V1_VS_CTA10%Off,V1,Livestream Sneakers (Clips),UK,Sneakers,Moderate,Approved,Anand,Approved,https://f.io/bK7kWFNx
W33,2026-08-10,Zidni,Wed,2026-08-12,V_Sneakers_1OP_LivestreamNikeJuniper_Ragebait_AuctionBannerOnly_HookProductName£1Auction_V2_VS_CTA10%Off,V2,Livestream Sneakers (Clips),UK,Sneakers,Moderate,Approved,Anand,Approved,https://f.io/f2tSe5AK
W33,2026-08-10,Zidni,Wed,2026-08-12,V_StoneIsland_1R_TiltvsRetailV2_V5_NewEffects_CTA10%Off,V5,Winning Ads Remixes,UK,All,Moderate,Approved,,Approved,https://f.io/mDS-Oiei
W33,2026-08-10,Zidni,Wed,2026-08-12,V_TCG_1R_BudgetChallengeV3.1_V5_NewEffects_CTA10%Off,V5,Winning Ads Remixes,UK,All,Moderate,Approved,,Approved,https://f.io/k1DOAfnW
W33,2026-08-10,Zidni,Wed,2026-08-12,cacho01,V1,Aug 2026,ES,All,Moderate,Approved,,,https://f.io/p10_zbdE
W33,2026-08-10,Sharm,Wed,2026-08-12,V_Luxury_1OP_LivestreamChanelPouch_Hook£3000ChanelWalletClutch_AuctionBannerOnly_V3_PJP_CTA10%Off,V3,Livestream Luxury (Clips),UK,Luxury,Moderate,Approved,Cristian,Approved,https://f.io/YMQ7M7m1
W33,2026-08-10,Sharm,Wed,2026-08-12,V_Luxury_1OP_LivestreamChanelPouch_£1SuddenDeath_AuctionBannerOnly_V2_PJP_CTA10%Off,V2,Livestream Luxury (Clips),UK,Luxury,Moderate,Approved,Cristian,Approved,https://f.io/EkbR1mwr
W33,2026-08-10,Sharm,Wed,2026-08-12,V_Sneakers_1OP_LivestreamNikeFlexTrain_AuctionBannerOnly_HookProductName£1Auction_V2_VS_CTA10%Off,V2,Livestream Sneakers (Clips),UK,Sneakers,Moderate,Approved,Anand,Approved,https://f.io/FcH2Va6r
W33,2026-08-10,Sharm,Wed,2026-08-12,V_Sneakers_1OP_LivestreamNikeFlexTrain_AuctionBannerOnly_Hook£1SuddenDeath_V1_VS_CTA10%Off,V1,Livestream Sneakers (Clips),UK,Sneakers,Moderate,Approved,Anand,Approved,https://f.io/Ci8ns7hT
W33,2026-08-10,Sharm,Wed,2026-08-12,V_Sneakers_1OP_LivestreamNikeFlexTrain_Ragebait_AuctionBannerOnly_HookProductName£1Auction_V3_VS_CTA10%Off,V3,Livestream Sneakers (Clips),UK,Sneakers,Moderate,Approved,Anand,Approved,https://f.io/Ye-O5LZ9
W33,2026-08-10,Sharm,Wed,2026-08-12,V_Sneakers_1OP_LivestreamNikeQuest_AuctionBannerOnly_HookProductName£1Auction_V2_VS_CTA10%Off,V2,Livestream Sneakers (Clips),UK,Sneakers,Moderate,Approved,Anand,Approved,https://f.io/GMRnD2sy
W33,2026-08-10,Sharm,Wed,2026-08-12,V_Sneakers_1OP_LivestreamNikeQuest_Ragebait_AuctionBannerOnly_HookProductName£1Auction_V3_VS_CTA10%Off,V3,Livestream Sneakers (Clips),UK,Sneakers,Moderate,Approved,Anand,Approved,https://f.io/l1zlq0ft
W33,2026-08-10,Sharm,Wed,2026-08-12,V_StoneIsland_1R_TiltvsRetailV2_V1_SpedUp_CTA10%Off,V1,Winning Ads Remixes,UK,All,Moderate,Approved,,Approved,https://f.io/sRCoQaIB
W33,2026-08-10,Sharm,Wed,2026-08-12,V_StoneIsland_1R_TiltvsRetailV2_V2_NewFilters_CTA10%Off,V2,Winning Ads Remixes,UK,All,Moderate,Approved,,Approved,https://f.io/2aYHco1v
W33,2026-08-10,Sharm,Wed,2026-08-12,V_StoneIsland_1R_TiltvsRetailV2_V3_NewFonts_CTA10%Off,V3,Winning Ads Remixes,UK,All,Moderate,Approved,,Approved,https://f.io/l3rOLk1A
W33,2026-08-10,Sharm,Wed,2026-08-12,V_StoneIsland_1R_TiltvsRetailV2_V4_NewHeadline_CTA10%Off,V4,Winning Ads Remixes,UK,All,Moderate,Approved,,Approved,https://f.io/jlyXeAv2
W33,2026-08-10,Sharm,Wed,2026-08-12,V_Streetwear_4OP_Livestream_V2_AS_CTA10%Off,V2,After Stock 3,UK,Streetwear,Moderate,Approved,Cristian,For Review,https://f.io/jH-Ml1p6
W33,2026-08-10,Patty,Wed,2026-08-12,V_Luxury_1OP_LivestreamBurberryWashbagAuctionBannerOnly_V2_PJP_CTA10%Off,V2,Livestream Luxury (Clips),UK,Luxury,Moderate,Approved,Cristian,Approved,https://f.io/C3cuTDwf
W33,2026-08-10,Patty,Wed,2026-08-12,V_Luxury_1OP_LivestreamStoneIslandOpaqueJacket_AuctionBannerOnly_Hook£1SuddenDeath_V1_ZPZ_CTA10%Off,V1,Livestream Luxury (Clips),UK,Luxury,Moderate,Approved,Cristian,Approved,https://f.io/5Xkfat2h
W33,2026-08-10,Patty,Wed,2026-08-12,V_Sneakers_1OP_LivestreamAdidasGazelle_AuctionBannerOnly_HookProductName£1Auction_V2_VS_CTA10%Off,V2,Livestream Sneakers (Clips),UK,Sneakers,Moderate,Approved,Anand,Approved,https://f.io/89ZCD20E
W33,2026-08-10,Patty,Wed,2026-08-12,V_Sneakers_1OP_LivestreamAdidasGazelle_AuctionBannerOnly_Hook£1SuddenDeath_V1_VS_CTA10%Off,V1,Livestream Sneakers (Clips),UK,Sneakers,Moderate,Approved,Anand,Approved,https://f.io/DDDKuiyw
W33,2026-08-10,Patty,Wed,2026-08-12,V_Sneakers_1OP_LivestreamNikeAirMaxAlpha_AuctionBannerOnly_HookProductName£1Auction_V2_VS_CTA10%Off,V2,Livestream Sneakers (Clips),UK,Sneakers,Moderate,Approved,Anand,Approved,https://f.io/jiAh3Qgo
W33,2026-08-10,Patty,Wed,2026-08-12,V_Sneakers_1OP_LivestreamNikeAirMaxAlpha_AuctionBannerOnly_Hook£1SuddenDeath_V1_VS_CTA10%Off,V1,Livestream Sneakers (Clips),UK,Sneakers,Moderate,Approved,Anand,Approved,https://f.io/sMHFMTNA
W33,2026-08-10,Patty,Wed,2026-08-12,V_Streetwear_4OP_Livestream_V1_AS_CTA10%Off,V1,After Stock 3,UK,Streetwear,Moderate,Approved,Cristian,For Review,https://f.io/ZJVUhR_a
W33,2026-08-10,Patty,Wed,2026-08-12,V_TCG_1R_BudgetChallengeV3.1_V1_SpedUp_CTA10%Off,V1,Winning Ads Remixes,UK,All,Moderate,Approved,,Approved,https://f.io/uY6KZspZ
W33,2026-08-10,Patty,Wed,2026-08-12,V_TCG_1R_BudgetChallengeV3.1_V2_NewFilters_CTA10%Off,V2,Winning Ads Remixes,UK,All,Moderate,Approved,,Approved,https://f.io/8kJrLw0Y
W33,2026-08-10,Patty,Wed,2026-08-12,V_TCG_1R_BudgetChallengeV3.1_V3_NewFonts_CTA10%Off,V3,Winning Ads Remixes,UK,All,Moderate,Approved,,Approved,https://f.io/4Z5ZemJk
W33,2026-08-10,Zidni,Thu,2026-08-13,22corbacho,V1,Aug 2026,ES,All,Moderate,Approved,,,https://f.io/Qrhi5PKE
W33,2026-08-10,Zidni,Thu,2026-08-13,V_Luxury_1R_TurnAroundtoAFriendV1_V1_SpedUp_CTA10%Off,V1,Winning Ads Remixes,UK,All,Moderate,Approved,,Approved,https://f.io/ovA2vJJV
W33,2026-08-10,Zidni,Thu,2026-08-13,V_Luxury_1R_TurnAroundtoAFriendV1_V2_NewFilters_CTA10%Off,V2,Winning Ads Remixes,UK,All,Moderate,Approved,,Approved,https://f.io/H0F-whfq
W33,2026-08-10,Zidni,Thu,2026-08-13,V_Luxury_1R_TurnAroundtoAFriendV1_V3_NewFonts_CTA10%Off,V3,Winning Ads Remixes,UK,All,Moderate,Approved,,Approved,https://f.io/0HdQvunZ
W33,2026-08-10,Zidni,Thu,2026-08-13,V_Luxury_1R_TurnAroundtoAFriendV1_V4_NewHeadline_CTA10%Off,V4,Winning Ads Remixes,UK,All,Moderate,Approved,,Approved,https://f.io/jQA2tRa2
W33,2026-08-10,Zidni,Thu,2026-08-13,V_TCG_1R_BudgetChallengeV3.1_V4_NewHeadline_CTA10%Off,V4,Winning Ads Remixes,UK,All,Moderate,Approved,,Approved,https://f.io/mqtPql2k
W33,2026-08-10,Zidni,Thu,2026-08-13,cacho01 youtube,V1,Aug 2026,ES,All,Moderate,Approved,,,https://f.io/kytOl5bb
W33,2026-08-10,Sharm,Thu,2026-08-13,V_Luxury_1R_TurnAroundtoAFriendV1_V5_NewEffects_CTA10%Off,V5,Winning Ads Remixes,UK,All,Moderate,Approved,,Approved,https://f.io/SAMXUlWk
W33,2026-08-10,Sharm,Thu,2026-08-13,V_Sneaker_1R_TiltSpringSneakersV1_V1_SpedUp_CTA10%Off,V1,Winning Ads Remixes,UK,All,Moderate,Approved,,Approved,https://f.io/ZXR72yYw
W33,2026-08-10,Sharm,Thu,2026-08-13,V_Sneaker_1R_TiltSpringSneakersV1_V2_NewFilters_CTA10%Off,V2,Winning Ads Remixes,UK,All,Moderate,Approved,,Approved,https://f.io/jWZn4eHd
W33,2026-08-10,Patty,Thu,2026-08-13,V_Sneaker_1R_TiltSpringSneakersV1_V3_NewFonts_CTA10%Off,V3,Winning Ads Remixes,UK,All,Moderate,Approved,,Approved,https://f.io/S5xfzJCP
W33,2026-08-10,Patty,Thu,2026-08-13,V_Sneaker_1R_TiltSpringSneakersV1_V4_NewHeadline_CTA10%Off,V4,Winning Ads Remixes,UK,All,Moderate,Approved,,Approved,https://f.io/Shi8lBiO
W33,2026-08-10,Zidni,Fri,2026-08-14,V_Streetwear_1N_Buyers_V1_CTA10%Off,V1,Balling,UK,Streetwear,Moderate,Approved,Cristian,For Review,https://f.io/jZByz7On
W33,2026-08-10,Zidni,Fri,2026-08-14,V_Streetwear_1N_Buyers_V2_CTA10%Off,V2,Balling,UK,Streetwear,Moderate,Approved,Cristian,For Review,https://f.io/jWMBT-Yl
W33,2026-08-10,Sharm,Fri,2026-08-14,,,,,,,,,,
W33,2026-08-10,Patty,Fri,2026-08-14,V_Sneaker_1R_TiltSpringSneakersV1_V5_NewEffects_CTA10%Off,V5,Winning Ads Remixes,UK,All,Moderate,Approved,,Approved,https://f.io/Z4L67HZ8
W34,2026-08-17,Zidni,Mon,2026-08-17,,,,,,,,,,
W34,2026-08-17,Sharm,Mon,2026-08-17,,,,,,,,,,
W34,2026-08-17,Patty,Mon,2026-08-17,,,,,,,,,,
W34,2026-08-17,Zidni,Tue,2026-08-18,,,,,,,,,,
W34,2026-08-17,Sharm,Tue,2026-08-18,,,,,,,,,,
W34,2026-08-17,Patty,Tue,2026-08-18,,,,,,,,,,
W34,2026-08-17,Zidni,Wed,2026-08-19,V_All_1N_Clips_Sanskar,V1,Clips,UK,All,Moderate,Approved,,Approved,https://f.io/D4uI2t3P
W34,2026-08-17,Zidni,Wed,2026-08-19,V_Clearance_1R_VirtualShoppingV1_V2_NewFilters_CTA10%Off,V2,Winning Ads Remixes,UK,All,Moderate,Approved,,Approved,https://f.io/ZP00FH8O
W34,2026-08-17,Zidni,Wed,2026-08-19,V_Clearance_1R_VirtualShoppingV1_V5_NewEffects_CTA10%Off,V5,Winning Ads Remixes,UK,All,Moderate,Approved,,Approved,https://f.io/b_7B_EK9
W34,2026-08-17,Zidni,Wed,2026-08-19,V_TCG_1OP_HitorGetHitOrganic_V1_KC_CTAOrganic,V1,Paid Creatives Repurposed for Organics,UK,Organic,Moderate,Approved,Avy,,https://f.io/9X8UAayW
W34,2026-08-17,Zidni,Wed,2026-08-19,V_TCG_2OP_TheOnlyThingOrganic_V1_TCB_CTAOrganic,V1,Paid Creatives Repurposed for Organics,UK,Organic,Moderate,Approved,Avy,,https://f.io/oz5qtOTT
W34,2026-08-17,Zidni,Wed,2026-08-19,V_TCG_3OP_MoonbreonLivestreamOrganic_V3_PokeTCG_CTAOrganic,V3,Paid Creatives Repurposed for Organics,UK,Organic,Moderate,Approved,Avy,,https://f.io/bBrCvj_B
W34,2026-08-17,Zidni,Wed,2026-08-19,topshopgame,V1,Aug - 2026,IT,All,Moderate,Approved,,,https://f.io/_wCyl_sJ
W34,2026-08-17,Sharm,Wed,2026-08-19,V_Clearance_1R_VirtualShoppingV1_V1_SpedUp_CTA10%Off,V1,Winning Ads Remixes,UK,All,Moderate,Approved,,Approved,https://f.io/PxKXn9sN
W34,2026-08-17,Sharm,Wed,2026-08-19,V_Clearance_1R_VirtualShoppingV1_V3_NewFonts_CTA10%Off,V3,Winning Ads Remixes,UK,All,Moderate,Approved,,Approved,https://f.io/ww2niSXY
W34,2026-08-17,Sharm,Wed,2026-08-19,V_Womenswear_2N_RipTransition_V1_Tanya_CTA10%Off,V1,Womenswear 2,UK,Womenswear,Moderate,Approved,Avy,Cancelled,https://f.io/h2SKDaq6
W34,2026-08-17,Sharm,Wed,2026-08-19,V_Womenswear_3N_Haul_V1_Tanya_CTA10%Off,V1,Womenswear 2,UK,Womenswear,Moderate,Approved,Avy,Cancelled,https://f.io/G1FbK4fn
W34,2026-08-17,Patty,Wed,2026-08-19,V_Clearance_1R_VirtualShoppingV1_V4_NewHeadline_CTA10%Off,V4,Winning Ads Remixes,UK,All,Moderate,Approved,,Approved,https://f.io/0IahnIEL
W34,2026-08-17,Patty,Wed,2026-08-19,V_Streetwear_3OP_BestPlace_V1_AS_CTA10%Off,V1,After Stock 3,UK,Streetwear,Moderate,Approved,Cristian,For Review,https://f.io/MCnfdXJw
W34,2026-08-17,Patty,Wed,2026-08-19,V_Womenswear_1N_TopIn_V1_Tanya_CTA10%Off,V1,Womenswear 2,UK,Womenswear,Moderate,Approved,Avy,Cancelled,https://f.io/3be5eODA
W34,2026-08-17,Zidni,Thu,2026-08-20,V_TCG_3N_Clips_Background_V1_TCB_CTA10%Off,V1,The Cardy Boys 3,UK,TCG,Moderate,Approved,Hanyan,Approved,https://f.io/tQGjNqzZ
W34,2026-08-17,Zidni,Thu,2026-08-20,V_TCG_3N_Clips_EveryoneisTalking_V2_TCB_CTA10%Off,V2,The Cardy Boys 3,UK,TCG,Moderate,Approved,Hanyan,Approved,https://f.io/6PTCHIpu
W34,2026-08-17,Zidni,Thu,2026-08-20,V_TCG_4N_30thAnniversary_V1_TCB_CTA10%Off,V1,The Cardy Boys 3,UK,TCG,Moderate,Approved,Hanyan,Approved,https://f.io/OyBEJfL5
W34,2026-08-17,Sharm,Thu,2026-08-20,V_TCG_1N_Buyers_MenUsedToGoToWar_V1_TCB_CTA10%Off,V1,The Cardy Boys 3,UK,TCG,Moderate,Approved,Hanyan,Approved,https://f.io/QENX2Dd4
W34,2026-08-17,Sharm,Thu,2026-08-20,V_TCG_1N_Buyers_TopPerformers_V2_TCB_CTA10%Off,V2,The Cardy Boys 3,UK,TCG,Moderate,Approved,Hanyan,Approved,https://f.io/FXHNNEIF
W34,2026-08-17,Patty,Thu,2026-08-20,V_TCG_2N_Seller_SellerFeeling_V1_TCB_CTA10%Off,V1,The Cardy Boys 3,UK,TCG,Moderate,Approved,Hanyan,Approved,https://f.io/kaIt_hpo
W34,2026-08-17,Patty,Thu,2026-08-20,V_TCG_2N_Seller_StatsAndStory_V2_TCB_CTA10%Off,V2,The Cardy Boys 3,UK,TCG,Moderate,Approved,Hanyan,Approved,https://f.io/BbMtrh0P
W34,2026-08-17,Zidni,Fri,2026-08-21,sunnysidetcg,V1,Aug - 2026,IT,All,Moderate,Approved,,,https://f.io/OO2co_72
W34,2026-08-17,Sharm,Fri,2026-08-21,,,,,,,,,,
W34,2026-08-17,Patty,Fri,2026-08-21,,,,,,,,,,
W35,2026-08-24,Zidni,Mon,2026-08-24,,,,,,,,,,
W35,2026-08-24,Sharm,Mon,2026-08-24,,,,,,,,,,
W35,2026-08-24,Patty,Mon,2026-08-24,,,,,,,,,,
W35,2026-08-24,Zidni,Tue,2026-08-25,Day 2,V1,Clips 100K,UK,Clips,Moderate,Approved,,Approved,https://f.io/FDmQwnCa
W35,2026-08-24,Zidni,Tue,2026-08-25,TCCBLACKBIRD,V1,Aug - 2026,IT,All,Moderate,Approved,,,https://f.io/Ec5kkpW1
W35,2026-08-24,Sharm,Tue,2026-08-25,,,,,,,,,,
W35,2026-08-24,Patty,Tue,2026-08-25,,,,,,,,,,
W35,2026-08-24,Zidni,Wed,2026-08-26,V_Vintage_2N_Sellers_V2_TV_CTA10%Off,V2,Tourist Vintage,UK,Vintage,Moderate,Approved,Cristian,For Review,https://f.io/MhYYY2mx
W35,2026-08-24,Zidni,Wed,2026-08-26,V_Vintage_3N_Clips_V2_TV_CTA10%Off,V2,Tourist Vintage,UK,Vintage,Moderate,Approved,Cristian,For Review,https://f.io/LfqiW5io
W35,2026-08-24,Sharm,Wed,2026-08-26,,,,,,,,,,
W35,2026-08-24,Patty,Wed,2026-08-26,V_Vintage_1N_Buyers_V1_TV_CTA10%Off,V1,Tourist Vintage,UK,Vintage,Moderate,Approved,Cristian,For Review,https://f.io/qVV--bDY
W35,2026-08-24,Patty,Wed,2026-08-26,V_Vintage_1N_Buyers_V2_TV_CTA10%Off,V2,Tourist Vintage,UK,Vintage,Moderate,Approved,Cristian,For Review,https://f.io/8Ftx3INr
W35,2026-08-24,Patty,Wed,2026-08-26,V_Vintage_2N_Sellers_V1_TV_CTA10%Off,V1,Tourist Vintage,UK,Vintage,Moderate,Approved,Cristian,For Review,https://f.io/XaUpiO5u
W35,2026-08-24,Zidni,Thu,2026-08-27,V_Vintage_3N_Clips_V1_TV_CTA10%Off,V1,Tourist Vintage,UK,Vintage,Moderate,Approved,Cristian,For Review,https://f.io/-JnHqHSQ
W35,2026-08-24,Sharm,Thu,2026-08-27,,,,,,,,,,
W35,2026-08-24,Patty,Thu,2026-08-27,,,,,,,,,,
W35,2026-08-24,Zidni,Fri,2026-08-28,,,,,,,,,,
W35,2026-08-24,Sharm,Fri,2026-08-28,,,,,,,,,,
W35,2026-08-24,Patty,Fri,2026-08-28,,,,,,,,,,
W36,2026-08-31,Zidni,Mon,2026-08-31,KILOWEAR 1,V1,Aug - 2026,IT,Vintage,Moderate,Approved,Cristian,,https://f.io/BnvohmIa
W36,2026-08-31,Zidni,Mon,2026-08-31,KILOWEAR 2,V1,Aug - 2026,IT,Sneakers,Moderate,Approved,Anand,,https://f.io/6t7cGFrb
W36,2026-08-31,Zidni,Mon,2026-08-31,Tilt Clips Promo Video - IT,V1,Aug - 2026,IT,Sneakers,Moderate,Approved,Anand,,https://f.io/-JBRW29P
W36,2026-08-31,Sharm,Mon,2026-08-31,,,,,,,,,,
W36,2026-08-31,Patty,Mon,2026-08-31,,,,,,,,,,
W36,2026-08-31,Zidni,Tue,2026-09-01,Tilt Clips Promo Video - ES,V1,Aug 2026,ES,Sneakers,Moderate,Approved,Anand,,https://f.io/ALEeIFht
W36,2026-08-31,Zidni,Tue,2026-09-01,UK Clips Product Launch,V1,Product Launch,UK,Content Lead,Moderate,Approved,Millie,Approved,https://f.io/rhTF8ZRg
W36,2026-08-31,Sharm,Tue,2026-09-01,,,,,,,,,,
W36,2026-08-31,Patty,Tue,2026-09-01,,,,,,,,,,
W36,2026-08-31,Zidni,Wed,2026-09-02,,,,,,,,,,
W36,2026-08-31,Sharm,Wed,2026-09-02,,,,,,,,,,
W36,2026-08-31,Patty,Wed,2026-09-02,,,,,,,,,,
W36,2026-08-31,Zidni,Thu,2026-09-03,,,,,,,,,,
W36,2026-08-31,Sharm,Thu,2026-09-03,,,,,,,,,,
W36,2026-08-31,Patty,Thu,2026-09-03,,,,,,,,,,
W36,2026-08-31,Zidni,Fri,2026-09-04,,,,,,,,,,
W36,2026-08-31,Sharm,Fri,2026-09-04,,,,,,,,,,
W36,2026-08-31,Patty,Fri,2026-09-04,,,,,,,,,,
W37,2026-09-07,Zidni,Mon,2026-09-07,,,,,,,,,,
W37,2026-09-07,Sharm,Mon,2026-09-07,,,,,,,,,,
W37,2026-09-07,Patty,Mon,2026-09-07,,,,,,,,,,
W37,2026-09-07,Zidni,Tue,2026-09-08,,,,,,,,,,
W37,2026-09-07,Sharm,Tue,2026-09-08,V_Luxury_9O_IfIHadToRebuildMyWardrobe_V1_ZeroPointZero,V1,Zero Point Zero,UK,Content Lead,Moderate,Approved,Millie,Approved,https://f.io/vv6S0NN3
W37,2026-09-07,Patty,Tue,2026-09-08,,,,,,,,,,
W37,2026-09-07,Zidni,Wed,2026-09-09,,,,,,,,,,
W37,2026-09-07,Sharm,Wed,2026-09-09,V_Luxury_3O_3OutfitsBut1IsTrash_V1_ZeroPointZero,V1,Zero Point Zero,UK,Content Lead,Moderate,Approved,Millie,For Review,https://f.io/amSJHEeB
W37,2026-09-07,Patty,Wed,2026-09-09,,,,,,,,,,
W37,2026-09-07,Zidni,Thu,2026-09-10,Curioso Store,V1,Sep 2026,IT,Streetwear,Moderate,Approved,Cristian,,https://f.io/PshA2g16
W37,2026-09-07,Zidni,Thu,2026-09-10,Namicards - General collab,V1,Sep 2026,IT,TCG,Moderate,Approved,Hanyan,,https://f.io/kUBsQ8-z
W37,2026-09-07,Zidni,Thu,2026-09-10,Namicards - TCG cardshow,V1,Sep 2026,IT,TCG,Moderate,Approved,Hanyan,,https://f.io/NzEdk2Sa
W37,2026-09-07,Zidni,Thu,2026-09-10,V_Luxury_1O_3PiecesI'llNeverSellOnTilt_V1_ZeroPointZero,V1,Zero Point Zero,UK,Content Lead,Moderate,Approved,Millie,Approved,https://f.io/2kSNE2aR
W37,2026-09-07,Zidni,Thu,2026-09-10,V_Luxury_7O_OutfitsICan'tWaitToWearThisFall_V1_ZeroPointZero,V1,Zero Point Zero,UK,Content Lead,Moderate,Approved,Millie,Approved,https://f.io/xcPn0_xa
W37,2026-09-07,Zidni,Thu,2026-09-10,V_Streetwear_1O_10QuestionswithTilt_V1_Balling,V1,Balling,UK,Content Lead,Moderate,Approved,Millie,Approved,https://f.io/nULRf6BS
W37,2026-09-07,Sharm,Thu,2026-09-10,,,,,,,,,,
W37,2026-09-07,Patty,Thu,2026-09-10,V_Luxury_5O_MyHeightOutfitTrend_V1_ZeroPointZero,V1,Zero Point Zero,UK,Content Lead,Moderate,Approved,Millie,Needs Revisions,https://f.io/NP9r8hoz
W37,2026-09-07,Zidni,Fri,2026-09-11,,,,,,,,,,
W37,2026-09-07,Sharm,Fri,2026-09-11,V_Streetwear_2O_StyleMyMate_V1_Balling,V1,Balling,UK,Content Lead,Moderate,Approved,Millie,Needs Revisions,https://f.io/lrRcT7-V
W37,2026-09-07,Patty,Fri,2026-09-11,V_Streetwear_10O_BlindRankingOldFits_V1_ZPZ,V1,Zero Point Zero,UK,Content Lead,Moderate,Approved,Millie,For Review,https://f.io/ZXYKbUXc
W38,2026-09-14,Zidni,Mon,2026-09-14,,,,,,,,,,
W38,2026-09-14,Sharm,Mon,2026-09-14,,,,,,,,,,
W38,2026-09-14,Patty,Mon,2026-09-14,,,,,,,,,,
W38,2026-09-14,Zidni,Tue,2026-09-15,V_Clips_1O_ClipIt_R,V1,Organic Clips,UK,Content Lead 2,Moderate,Approved,Rivers,,https://f.io/aFD7dU0h
W38,2026-09-14,Sharm,Tue,2026-09-15,,,,,,,,,,
W38,2026-09-14,Patty,Tue,2026-09-15,,,,,,,,,,
W38,2026-09-14,Zidni,Wed,2026-09-16,KILOWEAR 3,V1,Sep 2026,IT,Sneakers,Moderate,Approved,Anand,,https://f.io/ImKGzMMz
W38,2026-09-14,Zidni,Wed,2026-09-16,KILOWEAR 4,V1,Sep 2026,IT,Sneakers,Moderate,Approved,Anand,,https://f.io/8kYK_W9w
W38,2026-09-14,Zidni,Wed,2026-09-16,TCC BlackBird - COLLECTIT,V1,Sep 2026,IT,TCG,Moderate,Approved,Hanyan,,https://f.io/fOUWTB99
W38,2026-09-14,Sharm,Wed,2026-09-16,V_1O_Day2TiltClips_V1_Sharm,V1,Organic Training,UK,Sneakers,Moderate,Approved,Anand,,https://f.io/Y-e5qEeh
W38,2026-09-14,Sharm,Wed,2026-09-16,V_1O_Day2TiltClips_V2_Sharm,V2,Organic Training,UK,Sneakers,Moderate,Approved,Anand,,https://f.io/4MzcgmwI
W38,2026-09-14,Sharm,Wed,2026-09-16,V_1O_Day2TiltClips_V3_Sharm,V3,Organic Training,UK,Sneakers,Moderate,Approved,Anand,,https://f.io/UY1cOTMs
W38,2026-09-14,Sharm,Wed,2026-09-16,V_1O_Day3TiltClips_V1_Sharm,V1,Organic Training,UK,Sneakers,Moderate,Approved,Anand,,https://f.io/X7JasAn5
W38,2026-09-14,Sharm,Wed,2026-09-16,V_1O_Day3TiltClips_V2_Sharm,V2,Organic Training,UK,Sneakers,Moderate,Approved,Anand,,https://f.io/nWJJbeD6
W38,2026-09-14,Sharm,Wed,2026-09-16,V_1O_Day3TiltClips_V3_Sharm,V3,Organic Training,UK,Sneakers,Moderate,Approved,Anand,,https://f.io/Cxixl9Qv
W38,2026-09-14,Patty,Wed,2026-09-16,V_1O_Day2TiltClips_V3_Patty,V3,Organic Training,UK,Sneakers,Moderate,Approved,Anand,,https://f.io/MC_ZclJu
W38,2026-09-14,Patty,Wed,2026-09-16,V_1O_Day3TiltClips_V1_Patty,V1,Organic Training,UK,Sneakers,Moderate,Approved,Anand,,https://f.io/bkNIjSYn
W38,2026-09-14,Patty,Wed,2026-09-16,V_1O_Day3TiltClips_V2_Patty,V2,Organic Training,UK,Sneakers,Moderate,Approved,Anand,,https://f.io/827RR3hn
W38,2026-09-14,Patty,Wed,2026-09-16,V_1O_Day3TiltClips_V3_Patty,V3,Organic Training,UK,Sneakers,Moderate,Approved,Anand,,https://f.io/JxjTvrER
W38,2026-09-14,Patty,Wed,2026-09-16,V_Streetwear_3O_StreetwearSkit_V1_Balling,V1,Balling,UK,Content Lead,Low,Approved,Millie,Needs Revisions,https://f.io/ncPp7gj0
W38,2026-09-14,Zidni,Thu,2026-09-17,Caveauresell Video 1,V1,Sep 2026,IT,Sneakers,Moderate,Approved,Anand,,https://f.io/MZT7lfUD
W38,2026-09-14,Zidni,Thu,2026-09-17,VIDEO 1 OFFICIALSTORE,V1,Sep 2026,IT,Sneakers,Moderate,Approved,Anand,,https://f.io/lKRMAZft
W38,2026-09-14,Zidni,Thu,2026-09-17,V_TCG_1OR_30thAnniversary_V1_TCB_CTAFollow,V1,TCG 30th Anniversary,UK,TCG,Moderate,Approved,Hanyan,,https://f.io/OyBEJfL5
W38,2026-09-14,Sharm,Thu,2026-09-17,,,,,,,,,,
W38,2026-09-14,Patty,Thu,2026-09-17,,,,,,,,,,
W38,2026-09-14,Zidni,Fri,2026-09-18,,,,,,,,,,
W38,2026-09-14,Sharm,Fri,2026-09-18,,,,,,,,,,
W38,2026-09-14,Patty,Fri,2026-09-18,,,,,,,,,,
W39,2026-09-21,Zidni,Mon,2026-09-21,ALLINRESELL 1,V1,Sep 2026,IT,Streetwear,Moderate,Approved,Cristian,,https://f.io/qCPl5QXf
W39,2026-09-21,Zidni,Mon,2026-09-21,V_Clips_5O_Background_V2_TCB,V2,Organic Clips,UK,Sneakers,Moderate,Approved,Anand,,https://f.io/CAOLFKdo
W39,2026-09-21,Sharm,Mon,2026-09-21,V_Clips_3O_FlowState_V1_R,V1,Organic Clips,UK,Sneakers,Moderate,Approved,Anand,,https://f.io/n1Ld1ENP
W39,2026-09-21,Patty,Mon,2026-09-21,V_Clips_4O_Balling_V1_B,V1,Organic Clips,UK,Sneakers,Moderate,Approved,Anand,,https://f.io/_ZzU4HoC
W39,2026-09-21,Zidni,Tue,2026-09-22,V_Clips_5O_Background_V1_TCB,V1,Organic Clips,UK,Sneakers,Moderate,Approved,Anand,,https://f.io/pyWOM-8F
W39,2026-09-21,Sharm,Tue,2026-09-22,,,,,,,,,,
W39,2026-09-21,Patty,Tue,2026-09-22,,,,,,,,,,
W39,2026-09-21,Zidni,Wed,2026-09-23,V_TCBGiveaway_1O_TCB,V1,TCB Giveaway,UK,Sneakers,Moderate,Approved,Anand,,https://f.io/GOwTuo2l
W39,2026-09-21,Sharm,Wed,2026-09-23,,,,,,,,,,
W39,2026-09-21,Patty,Wed,2026-09-23,V_Clips_2O_ToSellPile_V1_R,V1,Organic Clips,UK,Sneakers,Moderate,Approved,Anand,,https://f.io/UA0eEMic
W39,2026-09-21,Zidni,Thu,2026-09-24,,,,,,,,,,
W39,2026-09-21,Sharm,Thu,2026-09-24,Unplugged,V1,Sep 2026,IT,Streetwear,Moderate,Approved,Cristian,,https://f.io/C2IU_0tl
W39,2026-09-21,Patty,Thu,2026-09-24,Popsplanet,V1,Sep 2026,IT,TCG,Moderate,Approved,Hanyan,,https://f.io/VaQXr7el
W39,2026-09-21,Patty,Thu,2026-09-24,V_Clips_4O_Balling_V2_B,V2,Organic Clips,UK,Sneakers,Moderate,Approved,Anand,,https://f.io/rSKTHs2O
W39,2026-09-21,Zidni,Fri,2026-09-25,,,,,,,,,,
W39,2026-09-21,Sharm,Fri,2026-09-25,,,,,,,,,,
W39,2026-09-21,Patty,Fri,2026-09-25,,,,,,,,,,
W40,2026-09-28,Zidni,Mon,2026-09-28,Fazeshop,V1,Sep 2026,IT,Streetwear,Moderate,Approved,Cristian,,https://f.io/8vDtABlj
W40,2026-09-28,Sharm,Mon,2026-09-28,,,,,,,,,,
W40,2026-09-28,Patty,Mon,2026-09-28,V_StoneIsland_10O_RarePiece_ItalyArchiveLivestreamRoughCut_GL_Patty,V1,Garmentz Labs Livestream Rough Cuts,UK,Sneakers,Moderate,Approved,Anand,Draft,https://f.io/h57_q4ZW
W40,2026-09-28,Patty,Mon,2026-09-28,V_StoneIsland_1O_SellerMoment_ItalyArchiveLivestreamRoughCut_GL_Patty,V1,Garmentz Labs Livestream Rough Cuts,UK,Sneakers,Moderate,Approved,Anand,,https://f.io/k9UdyHXi
W40,2026-09-28,Patty,Mon,2026-09-28,V_StoneIsland_2O_RarePiece_ItalyArchiveLivestreamRoughCut_GL_Patty,V1,Garmentz Labs Livestream Rough Cuts,UK,Sneakers,Moderate,Approved,Anand,Draft,https://f.io/LR86Bvay
W40,2026-09-28,Patty,Mon,2026-09-28,V_StoneIsland_3O_RarePiece_ItalyArchiveLivestreamRoughCut_GL_Patty,V1,Garmentz Labs Livestream Rough Cuts,UK,Sneakers,Moderate,Approved,Anand,Draft,https://f.io/dUR2xpkr
W40,2026-09-28,Patty,Mon,2026-09-28,V_StoneIsland_4O_RarePiece_ItalyArchiveLivestreamRoughCut_GL_Patty,V1,Garmentz Labs Livestream Rough Cuts,UK,Sneakers,Moderate,Approved,Anand,Draft,https://f.io/CGskLTN4
W40,2026-09-28,Patty,Mon,2026-09-28,V_StoneIsland_7O_RarePiece_ItalyArchiveLivestreamRoughCut_GL_Patty_copy,V1,Garmentz Labs Livestream Rough Cuts,UK,Sneakers,Moderate,Approved,Anand,Draft,https://f.io/xkNg6_zE
W40,2026-09-28,Patty,Mon,2026-09-28,V_StoneIsland_8O_RarePiece_ItalyArchiveLivestreamRoughCut_GL_Patty_copy,V1,Garmentz Labs Livestream Rough Cuts,UK,Sneakers,Moderate,Approved,Anand,Draft,https://f.io/bbrEXl4i
W40,2026-09-28,Patty,Mon,2026-09-28,V_StoneIsland_9O_RarePiece_ItalyArchiveLivestreamRoughCut_GL_Patty,V1,Garmentz Labs Livestream Rough Cuts,UK,Sneakers,Moderate,Approved,Anand,Draft,https://f.io/fq3rrrdo
W40,2026-09-28,Zidni,Tue,2026-09-29,Ranking Subastas Semenales,V1,Sept 2026,ES,Sneakers,Moderate,Approved,Anand,,https://f.io/o74ymSXy
W40,2026-09-28,Zidni,Tue,2026-09-29,Video Ads,V1,Sept 2026,ES,Sneakers,Moderate,Approved,Anand,,https://f.io/_Pu4wUOR
W40,2026-09-28,Sharm,Tue,2026-09-29,,,,,,,,,,
W40,2026-09-28,Patty,Tue,2026-09-29,,,,,,,,,,
W40,2026-09-28,Zidni,Wed,2026-09-30,,,,,,,,,,
W40,2026-09-28,Sharm,Wed,2026-09-30,,,,,,,,,,
W40,2026-09-28,Patty,Wed,2026-09-30,,,,,,,,,,
